,project_name,technology,status
6,Space (Neobank),NET,0
9,Publicis Media DE,NET,0
16,Phenom People,UX_UI,0
24,Exness,PYTHON,0
27,PropertyGuru Group,PYTHON,0
32,Team Force,JAVA,0
37,PropertyGuru Group,QA_AUTOMATION_ENGINEER_JAVA,0
38,Paysera,QA_MOBILE,0
39,Global Shares Ireland Limited,QA_ENGINEER,0
40,Global Shares Ireland Limited,QA_ENGINEER,0
42,Global Shares Ireland Limited,QA_ENGINEER,0
57,Уральский банк реконструкции и развития,QA_ENGINEER,0
58,Уральский банк реконструкции и развития,QA_ENGINEER,0
60,Альфа-банк,QA_AUTOMATION_C_SHARP,0
63,Альфа-банк,QA_AUTOMATION_ENGINEER_JAVA,0
70,Альфа-банк,QA_AUTOMATION_ENGINEER_JAVA,0
71,Альфа-банк,QA_AUTOMATION_ENGINEER_JAVA,0
77,Альфа-банк,QA_AUTOMATION_ENGINEER_JAVA,0
79,Альфа-банк,QA_AUTOMATION_ENGINEER_JAVA,0
98,Allianz Technology - Canada,BUSINESS_ANALYST,0
105,Ингосстрах-Инвестиции,SYSTEM_ANALYST,0
118,Альфа-банк,SYSTEM_ANALYST,0
135,GMCS,SYSTEM_ANALYST,0
136,GMCS,SYSTEM_ANALYST,0
142,Backbase,ANDROID,0
143,Backbase,ANDROID,0
145,Space (Neobank),ANDROID,0
153,Softeq Minsk,ANDROID,0
157,Ростелеком #2,ANDROID,0
159,Ингосстрах-Инвестиции,ANDROID,0
161,Альфа-банк,ANDROID,0
163,Альфа-банк,ANDROID,0
173,Альфа-банк,ANDROID,0
174,Тинькофф Банк,ANDROID,0
175,Тинькофф Банк,ANDROID,0
179,Backbase,IOS,0
185,Space (Neobank),IOS,0
187,Ростелеком #2,IOS,0
190,Альфа-банк,IOS,0
192,Альфа-банк,IOS,0
195,Тинькофф Банк,IOS,0
196,Тинькофф Банк,IOS,0
197,Тинькофф Банк,IOS,0
198,M10 (PayPoint),FLUTTER,0
202,Backbase,JAVA,0
205,Backbase,JAVA,0
214,Сбер Риски Департамент интегрированного риск-менеджмента,JAVA,0
215,Ланит - Сбер,JAVA,0
216,Ланит - ВТБ,JAVA,0
219,МАГНИТ,JAVA,0
224,Альфа-банк,JAVA,0
232,Альфа-банк,JAVA,0
235,Банки.ру,JAVA,0
239,Тинькофф Банк,JAVA,0
251,Тинькофф Банк,JAVA,0
254,Тинькофф Банк,JAVA,0
255,Ланит - ВТБ,JAVA,0
258,Тинькофф Банк,SCALA,0
266,IHS,DEVOPS,0
267,IHS Kernel,DEVOPS,0
271,IHS Kernel,DEVOPS,0
276,Backbase,ANGULAR,0
281,Тинькофф Банк,ANGULAR,0
288,eurofunk,ANGULAR,0
294,NEXR Technologies SE,NODE_JS,0
299,"Retrain.ai, inc",NODE_JS,0
312,Cian_2,REACT,0
314,Банки.ру,REACT,0
316,Тинькофф Банк,REACT,0
332,Банки.ру,PHP,0
333,Kooba,PHP,0
338,СберМаркет,RUBY,0
339,Quincus,RUBY,0
340,Ростелеком #2,GO,0
344,Global Shares Ireland Limited,SOFTWARE_ARCHITECT,0
347,Wayflyer Limited,PYTHON,0
348,Wayflyer Limited,PYTHON,0
358,МАГНИТ,VUE_JS,0
365,Paysera,REACT,0
366,Backbase,QA_AUTOMATION_ENGINEER_JAVA,0
371,Publicis Media DE,NET,0
408,Eleving Group,RUBY,0
409,IHS,NET,0
425,Backbase,QA_AUTOMATION_ENGINEER_JAVA,0
426,Backbase,QA_AUTOMATION_ENGINEER_JAVA,0
427,BSS Group,QA_ENGINEER,0
432,Манго телеком,QA_ENGINEER,0
433,Манго телеком,QA_ENGINEER,0
440,Банки.ру,REACT,0
441,Ингосстрах-Инвестиции,SYSTEM_ANALYST,0
459,IHS,NET,0
461,Философия ИТ,JAVA,0
462,Wondersign,NODE_JS,0
471,МАГНИТ,REACT,0
480,Global Shares Ireland Limited,QA_ENGINEER,0
489,Тинькофф Банк,ANDROID,0
492,GMCS,SYSTEM_ANALYST,0
494,I22,PHP,0
501,IHS Kernel,DEVOPS,0
505,ANIXE,UX_UI,0
506,Backbase,QA_AUTOMATION_ENGINEER_JAVA,0
507,RCI Banque S.A. Niederlassung Deutschland,DATA_ENGINEER_DBA,0
510,Atroo,REACT,0
523,Ланит - ВТБ,JAVA,0
530,Ростелеком #2,RUBY,0
535,Phenom People,UX_UI,0
543,Datagile,REACT,0
544,Space (Neobank),IOS,0
546,Сбер Риски Департамент интегрированного риск-менеджмента,JAVA,0
558,Global Shares Ireland Limited,QA_ENGINEER,0
568,Ростелеком #2,IOS,0
588,Backbase,JAVA,0
593,Манго телеком,KOTLIN,0
595,Moovforge,REACT,0
597,Альфа-банк,QA_AUTOMATION_ENGINEER_JAVA,0
600,Альфа-банк,QA_AUTOMATION_ENGINEER_JAVA,0
602,Альфа-банк,QA_AUTOMATION_ENGINEER_JAVA,0
614,Альфа-банк,QA_ENGINEER,0
615,Wondersign,PYTHON,0
620,Альфа-банк,ANDROID,0
633,Backbase,JAVA,0
644,BSS Group,JAVA,0
662,Quincus,GO,0
671,Альфа-банк,JAVA,0
672,Альфа-банк,JAVA,0
681,Тинькофф Банк,ANDROID,0
685,Exness,SYSTEM_ANALYST,0
690,IHS Kernel,DEVOPS,0
693,Банки.ру,PHP,0
696,Уральский банк реконструкции и развития,SYSTEM_ANALYST,0
699,BSS Group,JAVA,0
703,Ланит - Сбер,JAVA,0
710,Ланит - Сбер,JAVA,0
711,Ланит - ВТБ,JAVA,0
715,Eleving Group,HTML,0
720,IHS,NET,0
726,МТС Диджитал,NET,0
730,Альфа-банк,SYSTEM_ANALYST,0
731,Альфа-банк,SYSTEM_ANALYST,0
732,Альфа-банк,SYSTEM_ANALYST,0
737,Альфа-банк,SYSTEM_ANALYST,0
739,River Tech,JAVA,0
740,Альфа-банк,SYSTEM_ANALYST,0
742,Moovforge,REACT,0
744,Альфа-банк,DEVOPS,0
745,BSS Group,JAVA,0
753,Альфа-банк,QA_ENGINEER,0
758,МАГНИТ,QA_AUTOMATION,0
766,M10 (PayPoint),DEVOPS,0
785,Global Shares Ireland Limited,QA_AUTOMATION_ENGINEER_JAVA,0
787,Global Shares Ireland Limited,QA_AUTOMATION_ENGINEER_JAVA,0
789,Global Shares Ireland Limited,QA_AUTOMATION_ENGINEER_JAVA,0
793,Rush Street Interactive,UX_UI,0
795,Paysera,PHP,0
799,Философия ИТ,JAVA,0
800,Альфа-банк,JAVA,0
807,Ингосстрах-Инвестиции,SYSTEM_ANALYST,0
809,Backbase,IOS,0
818,Datagile,REACT,0
822,Самолёт Венчурс - Плафторма Самолёт+,DEVOPS,0
829,Ростелеком #2,SYSTEM_ANALYST,0
836,Альфа-банк,ANDROID,0
837,Global Shares Ireland Limited,QA_ENGINEER,0
838,eurofunk,QA_ENGINEER,0
839,IHS,NET,0
842,Backbase,ANDROID,0
845,Shieldpay,NODE_JS,0
847,Альфа-банк,IOS,0
848,M10 (PayPoint),QA_AUTOMATION_ENGINEER_JAVA,0
849,Альфа-банк,IOS,0
854,Самолёт Венчурс - Плафторма Самолёт+,SOLUTIONS_ARCHITECT,0
875,МТС Диджитал,ORACLE,0
880,Ингосстрах-Инвестиции,SYSTEM_ANALYST,0
881,Ингосстрах-Инвестиции,BUSINESS_ANALYST,0
886,Moonfare,REACT,0
887,Альфа-банк,QA_AUTOMATION_C_SHARP,0
911,Backbase,JAVA,0
917,Global Shares Ireland Limited,SOFTWARE_ARCHITECT,0
919,Альфа-банк,IOS,0
923,Альфа-банк,SYSTEM_ANALYST,0
926,Ингосстрах-Инвестиции,BUSINESS_ANALYST,0
931,Альфа-банк,JAVA,0
945,IHS,NET,0
952,Альфа-банк,JAVA,0
955,Global Shares Ireland Limited,QA_ENGINEER,0
965,BlueBridge Technologies,QA_ENGINEER,0
979,JTI (Japan Tobacco International),PHP,0
980,Самолёт Венчурс - Плафторма Самолёт+,NET,0
983,ANIXE,NET,0
984,Сбер РБ - Домклик,SYSTEM_ANALYST,0
989,Альфа-банк,IOS,0
990,Тинькофф Банк,IOS,0
994,Альфа-банк,QA_AUTOMATION_ENGINEER_JAVA,0
997,СберМаркет,RUBY,0
1011,Сбер Риски Департамент интегрированного риск-менеджмента,JAVA,0
1013,Exinity,SYSTEM_ANALYST,0
1014,Exinity,SYSTEM_ANALYST,0
1021,Тинькофф Банк,JAVA,0
1024,Альфа-банк,ANDROID,0
1025,Тинькофф Банк,IOS,0
1027,Moovforge,REACT,0
1029,Тинькофф Банк,JAVA,0
1033,Самолёт Венчурс - Плафторма Самолёт+,SYSTEM_ANALYST,0
1034,Тинькофф Банк,BUSINESS_ANALYST,0
1038,Тинькофф Банк,JAVA,0
1040,Lexop,RUBY,0
1052,Team Force,QA_AUTOMATION_ENGINEER_JAVA,0
1070,Allianz Partners,QA_AUTOMATION_ENGINEER_JAVA,0
1074,People Intelligence,PYTHON,0
1075,Альфа-банк,IOS,0
1077,IHS,NET,0
1090,Rush Street Interactive,UX_UI,0
1091,Банки.ру,PHP,0
1092,Банки.ру,JAVA,0
1097,Allianz Partners,SYSTEM_ANALYST,0
1099,Allianz Partners,QA_AUTOMATION_ENGINEER_JAVA,0
1100,Paysera,QA_AUTOMATION_ENGINEER_JAVA,0
1101,Comparis,REACT,0
1102,Философия ИТ,JAVA,0
1107,Wondersign,NODE_JS,0
1110,River Tech,JAVA,0
1112,Альфа-банк,QA_ENGINEER,0
1115,Альфа-банк,QA_ENGINEER,0
1120,Global Shares Ireland Limited,QA_ENGINEER,0
1121,Team Force,ANGULAR,0
1125,Global Shares Ireland Limited,QA_ENGINEER,0
1126,Global Shares Ireland Limited,QA_ENGINEER,0
1127,Global Shares Ireland Limited,QA_AUTOMATION_ENGINEER_JAVA,0
1129,Global Shares Ireland Limited,QA_ENGINEER,0
1131,BlueBridge Technologies,QA_AUTOMATION_ENGINEER_JS,0
1134,Global Shares Ireland Limited,QA_AUTOMATION_ENGINEER_JAVA,0
1137,River Tech,JAVA,0
1138,Тинькофф Банк,JAVA,0
1139,Тинькофф Банк,JAVA,0
1144,Тинькофф Банк,JAVA,0
1147,NEXR Technologies SE,NODE_JS,0
1148,Global Shares Ireland Limited,QA_AUTOMATION_ENGINEER_JAVA,0
1150,Ингосстрах-Инвестиции,QA_AUTOMATION_ENGINEER_PYTHON,0
1153,JTI (Japan Tobacco International),DEVOPS,0
1155,ANIXE,GO,0
1157,Chrsolutions,NET,0
1168,BlueBridge Technologies,QA_AUTOMATION_ENGINEER_PYTHON,0
1185,Альфа-банк,JAVA,0
1190,Global Shares Ireland Limited,QA_ENGINEER,0
1197,Global Shares Ireland Limited,ANGULAR,0
1199,Global Shares Ireland Limited,QA_AUTOMATION_ENGINEER_JAVA,0
1201,Банки.ру,SYSTEM_ANALYST,0
1204,Тинькофф Банк,JAVA,0
1205,Тинькофф Банк,JAVA,0
1206,Madkhol,NODE_JS,0
1210,Тинькофф Банк,IOS,0
1213,Exness,NODE_JS,0
1215,Альфа-банк,IOS,0
1217,ABB Switzerland Ltd,NET,0
1219,eurofunk,JAVA,0
1225,"Retrain.ai, inc",REACT,0
1235,Ecovium GmbH,NODE_JS,0
1237,BSS Group,QA_ENGINEER,0
1241,Ингосстрах-Инвестиции,QA_AUTOMATION_ENGINEER_PYTHON,0
1245,Альфа-банк,JAVA,0
1246,Data Lens Labs Ltd,REACT,0
1252,Backbase,QA_AUTOMATION_ENGINEER_JAVA,0
1254,Альфа-банк,QA_AUTOMATION_ENGINEER_JAVA,0
1258,Банки.ру,PHP,0
1260,Ингосстрах-Инвестиции,ANDROID,0
1267,Global Shares Ireland Limited,QA_AUTOMATION_ENGINEER_JAVA,0
1274,Банки.ру,PHP,0
1281,Альфа-банк,JAVA,0
1284,Moovforge,REACT,0
1299,ANIXE,GO,0
1301,Ингосстрах-Инвестиции,IOS,0
1307,МТС Диджитал,NET,0
1309,Ингосстрах-Инвестиции,SYSTEM_ANALYST,0
1320,Ингосстрах-Инвестиции,SYSTEM_ANALYST,0
1350,ANIXE,BUSINESS_ANALYST,0
1356,МТС Диджитал,NET,0
1361,МТС Диджитал,NET,0
1364,МТС Диджитал,NET,0
1366,ABB Switzerland Ltd,NET,0
1373,ABB Switzerland Ltd,NET,0
1377,Манго телеком,NODE_JS,0
1393,Тинькофф Банк,IOS,0
1416,Moonfare,REACT,0
1421,Geta Digital,ANGULAR,0
1429,BSS Group,REACT,0
1442,JTI (Japan Tobacco International),DEVOPS,0
1443,Wayflyer Limited,PYTHON,0
1451,IHS,ANGULAR,0
1457,Exness,GRAPHIC_DESIGNER,0
1459,Exness,GRAPHIC_DESIGNER,0
1468,Сбер РБ - Домклик,SYSTEM_ANALYST,0
1471,Ингосстрах-Инвестиции,SYSTEM_ANALYST,0
1476,МТС Диджитал,SYSTEM_ANALYST,0
1482,МТС Диджитал,NET,0
1487,ITFB Group,IOS,0
1490,JTI (Japan Tobacco International),NET,0
1494,ABB Switzerland Ltd,REACT,0
1495,JTI (Japan Tobacco International),DEVOPS,0
1497,Банки.ру,JAVA,0
1498,Quincus,RUBY,0
1503,Тинькофф Банк,JAVA,0
1506,Global Shares Ireland Limited,NET,0
1518,Allianz Technology,DATA_ENGINEER_DBA,0
1527,Backbase,QA_AUTOMATION_ENGINEER_JAVA,0
1535,МТС Диджитал,NET,0
1537,Сбер РБ - Домклик,SYSTEM_ANALYST,0
1547,Backbase,IOS,0
1559,Банки.ру,PHP,0
1561,Madkhol,NODE_JS,0
1563,Самолёт Венчурс - Плафторма Самолёт+,NET,0
1564,Yara International,NET,0
1565,Сбер Риски Департамент интегрированного риск-менеджмента,JAVA,0
1568,Сбер Риски Департамент интегрированного риск-менеджмента,JAVA,0
1569,Bitmovin GmbH,ANDROID,0
1578,Global Shares Ireland Limited,QA_ENGINEER,0
1579,Madkhol,NODE_JS,0
1584,SupplyStack,NODE_JS,0
1593,Moovforge,PROJECT_MANAGEMENT,0
1597,Team Force,QA_AUTOMATION,0
1602,Тинькофф Банк,SYSTEM_ANALYST,0
1627,Ростелеком #2,REACT,0
1630,Сбер РБ - Домклик,SYSTEM_ANALYST,0
1637,Ингосстрах-Инвестиции,BUSINESS_ANALYST,0
1643,Backbase,JAVA,0
1646,Тинькофф Банк,JAVA,0
1673,JTI (Japan Tobacco International),NET,0
1699,Самолёт Венчурс - Плафторма Самолёт+,UX_UI,0
1709,IHS Kernel,DEVOPS,0
1721,Ингосстрах-Инвестиции,C_SHARP,0
1725,Brandoo,REACT_NATIVE,0
1736,Самолёт Венчурс - Плафторма Самолёт+,UX_UI,0
1745,msg Plaut Austria GmbH,JAVA,0
1749,ПАО Банк «ФК Открытие»,JAVA,0
1755,Тинькофф Банк,ANDROID,0
1765,Самолёт Венчурс - Плафторма Самолёт+,NET,0
1766,Самолёт Венчурс - Плафторма Самолёт+,NET,0
1777,Global Shares Ireland Limited,ANGULAR,0
1778,Ингосстрах-Инвестиции,BUSINESS_ANALYST,0
1789,msg Plaut Austria GmbH,BUSINESS_ANALYST,0
1806,IHS Kernel,DATA_SCIENCE_ML,0
1809,Allianz Technology,DATA_ENGINEER_DBA,0
1816,Allianz Technology,DATA_ENGINEER_ETL,0
1820,Bitmovin GmbH,ANDROID,0
1826,IHS Kernel,DATA_SCIENCE_ML,0
1827,ABB Switzerland Ltd,NET,0
1831,Банки.ру,NODE_JS,0
1837,Тинькофф Банк,IOS,0
1856,Ланит - ВТБ,SYSTEM_ANALYST,0
1859,МТС Диджитал,NET,0
1869,Ингосстрах-Инвестиции,ANDROID,0
1873,Самолёт Венчурс - Плафторма Самолёт+,NET,0
1879,Global Shares Ireland Limited,ANGULAR,0
1883,Getsafe,RUBY,0
1886,ABB Switzerland Ltd,QA_AUTOMATION_C_SHARP,0
1887,ABB Switzerland Ltd,QA_AUTOMATION_C_SHARP,0
1888,ABB Switzerland Ltd,QA_AUTOMATION_C_SHARP,0
1889,Ланит - ВТБ,SYSTEM_ANALYST,0
1890,ABB Switzerland Ltd,QA_AUTOMATION_C_SHARP,0
1893,Backbase,JAVA,0
1903,Bundle,NODE_JS,0
1910,Bundle,REACT,0
1911,SupplyStack,NODE_JS,0
1925,Сбер РБ - Домклик,SYSTEM_ANALYST,0
1928,Банки.ру,SYSTEM_ANALYST,0
1931,Альфа-банк,ANDROID,0
1944,Ecovium GmbH,BUSINESS_ANALYST,0
1958,GMCS,SQL,0
1969,Самолёт Венчурс - Плафторма Самолёт+,SYSTEM_ANALYST,0
1977,МАГНИТ,VUE_JS,0
1979,StormPay,ANDROID,0
1980,StormPay,IOS,0
1982,Самолёт Венчурс - Плафторма Самолёт+,NET,0
1990,Global Shares Ireland Limited,SCRUM_MASTER,0
1995,Манго телеком,NODE_JS,0
1997,Yara International,NODE_JS,0
1998,Global Shares Ireland Limited,NET,0
2016,Global Shares Ireland Limited,QA_AUTOMATION_ENGINEER_JAVA,0
2018,IHS,NET,0
2029,Allianz Technology,DATA_ENGINEER_DBA,0
2032,ПАО Банк «ФК Открытие»,QA_ENGINEER,0
2033,Softeq Minsk,QA_AUTOMATION_ENGINEER_JS,0
2036,МТС Диджитал,NET,0
2049,Brandoo,REACT_NATIVE,0
2050,МТС Диджитал,ANDROID,0
2051,ПАО Банк «ФК Открытие»,JAVA,0
2062,Nexxiot AG,QA_ENGINEER,0
2063,Банки.ру,QA_AUTOMATION_ENGINEER_JAVA,0
2067,Ланит - ВТБ,REACT,0
2069,Ланит - ВТБ,REACT,0
2085,BSS Group,SYSTEM_ANALYST,0
2098,Философия ИТ,JAVA,0
2113,Философия ИТ,JAVA,0
2148,Самолёт Венчурс - Плафторма Самолёт+,NET,0
2176,IHS,NET,0
2188,Самолёт Венчурс - Плафторма Самолёт+,NET,0
2223,Самолёт Венчурс - Плафторма Самолёт+,VUE_JS,0
2229,Atroo,REACT,0
2235,МТС Диджитал,ORACLE,0
2236,Ростелеком #2,ANDROID,0
2246,ПАО Банк «ФК Открытие»,QA_ENGINEER,0
2247,Ecovium GmbH,BUSINESS_ANALYST,0
2265,Backbase,ANDROID,0
2274,Team Force,JAVA,0
2276,BSS Group,QA_ENGINEER,0
2283,ANIXE,NET,0
2285,Mondia group,NODE_JS,0
2291,Альфа-банк,JAVA,0
2307,Wondersign,NODE_JS,0
2310,M10 (PayPoint),FLUTTER,0
2313,M10 (PayPoint),JAVA,0
2323,M10 (PayPoint),QA_AUTOMATION_ENGINEER_JAVA,0
2326,Ростелеком #2,SYSTEM_ANALYST,0
2327,Wayflyer Limited,PYTHON,0
2336,Самолёт Венчурс - Плафторма Самолёт+,NET,0
2348,Accenture Russia,BUSINESS_ANALYST,0
2365,M10 (PayPoint),JAVA,0
2369,Backbase,DEVOPS,0
2371,BIKE24,REACT,0
2381,Space (Neobank),ANDROID,0
2386,Банки.ру,PHP,0
2397,tabby SA,IOS,0
2433,NEXR Technologies SE,PRODUCT_OWNER,0
2436,Accenture Russia,BUSINESS_ANALYST,0
2437,Альфа-банк,JAVA,0
2443,ABB Switzerland Ltd,NET,0
2454,Самолёт Венчурс - Плафторма Самолёт+,NET,0
2459,Яндекс Медиалаб,JAVA,0
2468,Ланит - ВТБ,REACT,0
2478,МТС Диджитал,NET,0
2487,Сбер РБ Платежи&Переводы,QA,0
2494,Самолёт Венчурс - Плафторма Самолёт+,NET,0
2500,Ростелеком #2,C_PLUSPLUS,0
2514,Альфа-банк,GO,0
2518,msg Plaut Austria GmbH,BUSINESS_ANALYST,0
2522,Альфа-банк,ANDROID,0
2527,Альфа-банк,SYSTEM_ANALYST,0
2548,X5 Retail Group Портал поставщика,GO,0
2568,Roibox,ANGULAR,0
2584,Ростелеком #2,ANDROID,0
2593,Ланит - Сбер,JAVA,0
2608,Банки.ру,PHP,0
2636,Global Shares Ireland Limited,QA_ENGINEER,0
2640,Roibox,NET,0
2652,Global Shares Ireland Limited,SOFTWARE_ARCHITECT,0
2678,Сбер РБ Кошелек Клиента (ФИТ),JAVA,0
2683,Ростелеком #2,SYSTEM_ANALYST,0
2685,I-Teco,JAVA,0
2698,Альфа-банк,QA_AUTOMATION_C_SHARP,0
2700,Ростелеком #2,QA_AUTOMATION_ENGINEER_PYTHON,0
2726,Ростелеком #2,ROR,0
2749,Moovforge,REACT,0
2756,MemberNova,QA_AUTOMATION,0
2775,Сбер РБ Кошелек Клиента (ФИТ),SYSTEM_ANALYST,0
2792,IHS,NET,0
2793,Ростелеком #2,ANDROID,0
2807,Centtrip UK,AWS,0
2813,Alternative Payments PSD2,NET,0
2815,Банки.ру,SYSTEM_ANALYST,0
2819,BIKE24,REACT,0
2834,ПАО Банк «ФК Открытие»,QA_ENGINEER,0
2838,Ростелеком #2,ANDROID,0
2840,MemberNova,QA_AUTOMATION,0
2842,Сбер РБ ДомКлик_ЕФС,JAVA,0
2848,Манго телеком,QA_AUTOMATION_ENGINEER_JAVA,0
2869,Ланит - ВТБ,JAVA,0
2878,Сбер РБ Кошелек Клиента (ФИТ),DATA_ENGINEER,0
2891,Space (Neobank),IOS,0
2896,Ростелеком #2,ANDROID,0
2915,Space (Neobank),IOS,0
2918,X5 Retail Group Портал поставщика,DEVOPS,0
2921,Ростелеком #2,SYSTEM_ANALYST,0
2935,Самолёт Венчурс - Плафторма Самолёт+,QA_AUTOMATION_ENGINEER_JS,0
2938,Ростелеком #2,ANDROID,0
2956,Банки.ру,PHP,0
2960,МЦ НТТ - TM (РТК Контакт-центр),REACT,0
2964,Уральский банк реконструкции и развития,REACT,0
2988,M10 (PayPoint),JAVA,0
3002,Accenture Russia,BUSINESS_ANALYST,0
3004,GMCS,REACT,0
3006,МЦ НТТ - TM (РТК Контакт-центр),QA,0
3017,ATG,NODE_JS,0
3023,Wio Bank,JAVA,0
3024,Wio Bank,JAVA,0
3031,Madkhol,NODE_JS,0
3035,МТС Диджитал,SYSTEM_ANALYST,0
3037,Сбер РБ - Домклик,SYSTEM_ANALYST,0
3038,МТС Диджитал,DEVOPS,0
3040,Backbase,QA_AUTOMATION_ENGINEER_JAVA,0
3055,IHS,NET,0
3080,IHS,NET,0
3091,Банки.ру,PHP,0
3105,JTI (Japan Tobacco International),PHP,0
3111,Quincus,JAVA,0
3127,Alternative Payments PSD2,NET,0
3128,МЦ НТТ - TM (РТК Контакт-центр),QA_AUTOMATION_ENGINEER_JAVA,0
3151,GMCS,JAVA,0
3165,X5 Retail Group Портал поставщика,PYTHON,0
3173,Paysera,ARCHITECT,0
3175,Уральский банк реконструкции и развития,ORACLE,0
3176,Ланит - ВТБ,JAVA,0
3182,Ростелеком #2,SYSTEM_ANALYST,0
3185,Яндекс Медиалаб,PYTHON,0
3189,Wondersign,PYTHON,0
3220,StormPay,QA_AUTOMATION,0
3224,X5 Retail Group. 5POST,BI_ANALYST,0
3227,МТС Диджитал,SYSTEM_ANALYST,0
3251,Ростелеком #2,ANDROID,0
3253,Философия ИТ,REACT,0
3256,Яндекс Медиалаб,JAVA,0
3271,Quincus,JAVA,0
3279,Манго телеком,QA_AUTOMATION_ENGINEER_JAVA,0
3287,Самолёт Венчурс - Плафторма Самолёт+,PROJECT_MANAGEMENT,0
3294,Яндекс Медиалаб,JAVA,0
3296,BIKE24,REACT,0
3307,Альфа-банк,BUSINESS_ANALYST,0
3323,Сбер РБ Кошелек Клиента (ФИТ),QA,0
3328,Тинькофф Банк,IOS,0
3329,JET RoR,RUBY,0
3336,IHS,NET,0
3355,Space (Neobank),C_SHARP,0
3356,МАГНИТ,ANDROID,0
3357,МАГНИТ,ANDROID,0
3360,X5 Retail Group. 5POST,DEVOPS,0
3365,I-Teco,JAVA,0
3383,Majorel,SYSTEM_ANALYST,0
3396,BSS Group,SYSTEM_ANALYST,0
3398,Accenture Russia,BUSINESS_ANALYST,0
3401,Альфа-банк,BUSINESS_ANALYST,0
3408,IHS,NET,0
3415,Сбер РБ ДомКлик_ЕФС,JAVA,0
3435,People Intelligence,PROJECT_MANAGEMENT,0
3436,People Intelligence,PROJECT_MANAGEMENT,0
3447,Stoovo,NODE_JS,0
3458,Yara International,NODE_JS,0
3483,ABB Switzerland Ltd,NET,0
3490,People Intelligence,PROJECT_MANAGEMENT,0
3496,Phenom People,UX_UI,0
3504,Самолёт Венчурс - Плафторма Самолёт+,PROJECT_MANAGEMENT,0
3511,Самолёт Венчурс - Плафторма Самолёт+,QA,0
3512,LigaStavok.TM,FLUTTER,0
3518,Альфа-банк,BUSINESS_ANALYST,0
3523,Яндекс Медиалаб,DATA_ANALYST,0
3526,Яндекс Медиалаб,JAVA,0
3548,Letsbloom,RUBY,0
3550,StormPay,IOS,0
3555,Wio Bank,JAVA,0
3566,ATG,REACT,0
3567,ATG,REACT,0
3568,Global Shares Ireland Limited,NET,0
3588,X5 Retail Group Портал поставщика,PYTHON,0
3595,МЦ НТТ - TM (РТК Контакт-центр),QA_AUTOMATION_ENGINEER_JAVA,0
3602,Сбер Риски Департамент интегрированного риск-менеджмента,JAVA,0
3620,IHS,QA_AUTOMATION_C_SHARP,0
3622,Самолёт Венчурс - Плафторма Самолёт+,PROJECT_MANAGEMENT,0
3667,Compleet,JAVA,0
3677,Банки.ру,REACT,0
3678,X5 Retail Group. 5POST,DEVOPS,0
3681,Wio Bank,JAVA,0
3683,StormPay,JAVA,0
3684,Уральский банк реконструкции и развития,REACT,0
3694,Философия ИТ,REACT,0
3708,ATG,NODE_JS,0
3709,Wondersign,NODE_JS,0
3711,МЦ НТТ - TM (РТК Контакт-центр),JAVA,0
3720,Альфа-банк,BUSINESS_ANALYST,0
3738,Яндекс Медиалаб,JAVA,0
3747,Allianz Partners,JAVA,0
3749,Самолёт Венчурс - Плафторма Самолёт+,PROJECT_MANAGEMENT,0
3750,Самолёт Венчурс - Плафторма Самолёт+,PROJECT_MANAGEMENT,0
3760,Уральский банк реконструкции и развития,REACT,0
3773,ПАО Банк «ФК Открытие»,QA_AUTOMATION_ENGINEER_JAVA,0
3775,Paysera,REACT,0
3785,BSS Group,QA,0
3788,Exinity,PHP,0
3807,IHS,QA_AUTOMATION_C_SHARP,0
3808,МТС Диджитал,DATA_ENGINEER,0
3813,Сбер Риски Департамент интегрированного риск-менеджмента,JAVA,0
3830,Философия ИТ,QA_AUTOMATION,0
3841,Альфа-банк,DEVOPS,0
3851,Reuter Gruppe,NODE_JS,0
3865,МТС Диджитал,IOS,0
3880,Яндекс Медиалаб,JAVA,0
3883,Wio Bank,JAVA,0
3884,Wio Bank,JAVA,0
3892,Yara International,PRODUCT_OWNER,0
3893,IHS Kernel,DATA_SCIENCE_ML,0
3894,BSS Group,NODE_REACT,0
3903,МЦ НТТ - TM (РТК Контакт-центр),QA_AUTOMATION_ENGINEER_JAVA,0
3933,X5 Retail Group. 5POST,BI_ANALYST,0
3938,Space (Neobank),C_SHARP,0
3945,Уральский банк реконструкции и развития,SYSTEM_ANALYST,0
3951,PropertyGuru Group,REACT_NATIVE,0
3977,Mondia group,SPRING,0
3996,Exinity,PHP,0
3999,IHS,JAVA,0
4015,X5 Retail Group. 5POST,DEVOPS,0
4060,Яндекс Медиалаб,PYTHON,0
4069,People Intelligence,REACT,0
4082,Сбер Риски Департамент интегрированного риск-менеджмента,JAVA,0
4090,Уральский банк реконструкции и развития,REACT,0
4099,Letsbloom,RUBY,0
4119,Allianz Partners,DEVOPS,0
4124,IPF digital (Java),JAVA,0
4125,IPF digital (Java),JAVA,0
4128,ПАО Банк «ФК Открытие»,ANDROID,0
4139,BSS Group,NODE_REACT,0
4147,Exness,PYTHON,0
4148,Сбер Риски Департамент интегрированного риск-менеджмента,QA_AUTOMATION_ENGINEER_JAVA,0
4167,Сбер РБ Социальные и зарплатные решения,JAVA,0
4205,Exinity,PHP,0
4210,ПАО Банк «ФК Открытие»,ANDROID,0
4230,Jusan Bank - Staff augmentation,JAVA,0
4241,Phenom People,UX_UI,0
4246,IPF digital (WEB),REACT,0
4247,IPF digital (WEB),REACT,0
4248,IPF digital (WEB),REACT,0
4260,Ланит - Сбер,SYSTEM_ANALYST,0
4264,IPF digital (WEB),REACT,0
4306,Bundle,IOS,0
4312,Softeq Minsk,IOS,0
4315,Банки.ру,PHP,0
4323,IPF digital (Java),JAVA,0
4327,МЦ НТТ - TM (РТК Контакт-центр),QA_AUTOMATION_ENGINEER_JAVA,0
4338,Softeq Minsk,BUSINESS_ANALYST,0
4341,X5 Retail Group Портал поставщика,PYTHON,0
4345,NEXR Technologies SE,REACT,0
4347,Moovforge,REACT,0
4387,X5 Retail Group Портал поставщика,PYTHON,0
4413,Team Force,IOS,0
4448,Сбер Риски Департамент интегрированного риск-менеджмента,JAVA,0
4459,Банки.ру,REACT,0
4467,Duftner,JAVA,0
4469,ПАО Банк «ФК Открытие»,ANDROID,0
4480,Сбер РБ Платежи&Переводы,JAVA,0
4487,Банк Синара (СКБ-банк),SYSTEM_ANALYST,0
4503,Сбербанк Казахстан,ANDROID,0
4518,Ланит - ВТБ,JAVA,0
4521,МЦ НТТ - TM (РТК Контакт-центр),PROJECT_MANAGEMENT,0
4562,МТС Диджитал,GO,0
4566,ПАО Банк «ФК Открытие»,NET,0
4592,СБЕР РБ Цифровая Платформа,SYSTEM_ANALYST,0
4611,Compleet,UX_UI,0
4627,I-Teco,JAVA,0
4656,Альфа-банк,JAVA,0
4657,Альфа-банк,JAVA,0
4660,МТС Диджитал,GO,0
4681,IHS,QA_AUTOMATION_C_SHARP,0
4697,IPF digital (Java),JAVA,0
4699,Альфа-банк,JAVA,0
4779,Team Force,IOS,0
4780,IHS,NET,0
4809,СБЕР КИБ Брокерский Бизнес,SYSTEM_ANALYST,0
4877,Ланит - ВТБ,JAVA,0
4884,Softeq Minsk,QA_AUTOMATION_ENGINEER_JS,0
4896,Самолёт Венчурс - Плафторма Самолёт+,PROJECT_MANAGEMENT,0
4927,Банки.ру,ANDROID,0
4930,Самолёт Венчурс - Плафторма Самолёт+,PROJECT_MANAGEMENT,0
4964,Яндекс Медиалаб,DATA_ANALYST,0
4985,MemberNova,SYSTEM_ANALYST,0
5029,Emma Sleep GmbH,IOS,0
5035,МТС Диджитал,GO,0
5071,Яндекс Медиалаб,PYTHON,0
5077,МТС Диджитал,NET,0
5080,Альфа-банк,SYSTEM_ANALYST,0
5088,Уральский банк реконструкции и развития,JAVA,0
5115,Банки.ру,PHP,0
5129,X5 Retail Group Портал поставщика,PYTHON,0
5138,"Retrain.ai, inc",PYTHON,0
5139,Альфа-банк,BUSINESS_ANALYST,0
5141,Уральский банк реконструкции и развития,REACT,0
5142,X5 Retail Group Портал поставщика,UX_UI,0
5151,Сбер РБ Социальные и зарплатные решения,SYSTEM_ANALYST,0
5154,Сбер РБ Платежи&Переводы,QA,0
5166,Философия ИТ,JAVA,0
5174,Ланит - Сбер,REACT,0
5180,Team Force,IOS,0
5182,Team Force,IOS,0
5192,Exness,DEVOPS,0
5214,Сбер Риски Департамент интегрированного риск-менеджмента,JAVA,0
5220,Thryve (mHealth Pioneers GmbH),JAVA,0
5227,Альфа-банк,SYSTEM_ANALYST,0
5240,Team Force,JAVA,0
5241,Jusan Bank - Staff augmentation,JAVA,0
5264,Уральский банк реконструкции и развития,REACT,0
5345,Уральский банк реконструкции и развития,JAVA,0
5368,Сбер РБ ДомКлик_ЕФС,QA,0
5430,СБЕР КИБ Брокерский Бизнес,SYSTEM_ANALYST,0
5442,Уральский банк реконструкции и развития,REACT,0
5472,Exness,DEVOPS,0
5608,msg Plaut Austria GmbH,PYTHON,0
1401,Уральский банк реконструкции и развития,PHP,0
1402,Уральский банк реконструкции и развития,SYMFONY,0
