project_name,status,technology
Booking Group Corporation,1,NET
IHS Kernel,1,NET
Space (Neobank),0,NET
Publicis Media DE,0,NET
Phenom People,0,UX_UI
Exness,0,PYTHON
Wayflyer Limited,1,PYTHON
PropertyGuru Group,0,PYTHON
Space (Neobank),1,NET
Team Force,0,JAVA
Backbase,1,QA_AUTOMATION_ENGINEER_JAVA
PropertyGuru Group,0,QA_AUTOMATION_ENGINEER_JAVA
Paysera,0,QA_MOBILE
Global Shares Ireland Limited,0,QA_ENGINEER
Global Shares Ireland Limited,0,QA_ENGINEER
Global Shares Ireland Limited,1,QA_ENGINEER
Global Shares Ireland Limited,0,QA_ENGINEER
Уральский банк реконструкции и развития,0,QA_ENGINEER
Уральский банк реконструкции и развития,0,QA_ENGINEER
Альфа-банк,0,QA_AUTOMATION_C_SHARP
Альфа-банк,0,QA_AUTOMATION_ENGINEER_JAVA
Альфа-банк,0,QA_AUTOMATION_ENGINEER_JAVA
Альфа-банк,0,QA_AUTOMATION_ENGINEER_JAVA
Альфа-банк,0,QA_AUTOMATION_ENGINEER_JAVA
Альфа-банк,0,QA_AUTOMATION_ENGINEER_JAVA
Allianz Technology - Canada,0,BUSINESS_ANALYST
Ингосстрах-Инвестиции,0,SYSTEM_ANALYST
Альфа-банк,0,SYSTEM_ANALYST
GMCS,0,SYSTEM_ANALYST
GMCS,0,SYSTEM_ANALYST
Siemens UK | Yunex Traffic,1,C_PLUSPLUS
Backbase,0,ANDROID
Backbase,0,ANDROID
Space (Neobank),0,ANDROID
Softeq Minsk,0,ANDROID
Ростелеком #2,0,ANDROID
Ингосстрах-Инвестиции,0,ANDROID
Альфа-банк,0,ANDROID
Альфа-банк,0,ANDROID
Альфа-банк,0,ANDROID
Тинькофф Банк,0,ANDROID
Тинькофф Банк,0,ANDROID
Backbase,1,IOS
Backbase,0,IOS
Space (Neobank),0,IOS
Ростелеком #2,0,IOS
Альфа-банк,0,IOS
Альфа-банк,0,IOS
Тинькофф Банк,0,IOS
Тинькофф Банк,0,IOS
Тинькофф Банк,0,IOS
M10 (PayPoint),0,FLUTTER
Backbase,0,JAVA
Backbase,0,JAVA
IHS,1,JAVA
Transporeon,1,JAVA
Сбер Риски Департамент интегрированного риск-менеджмента,0,JAVA
Ланит - Сбер,0,JAVA
Ланит - ВТБ,0,JAVA
МАГНИТ,0,JAVA
Альфа-банк,0,JAVA
Альфа-банк,0,JAVA
Банки.ру,0,JAVA
Тинькофф Банк,0,JAVA
Тинькофф Банк,0,JAVA
Тинькофф Банк,0,JAVA
Ланит - ВТБ,0,JAVA
Тинькофф Банк,0,SCALA
RCI Banque S.A. Niederlassung Deutschland,1,DEVOPS
M10 (PayPoint),1,DEVOPS
IHS,0,DEVOPS
IHS Kernel,0,DEVOPS
ethinking,1,DEVOPS
IHS Kernel,0,DEVOPS
Backbase,1,ANGULAR
Backbase,0,ANGULAR
Тинькофф Банк,0,ANGULAR
eurofunk,0,ANGULAR
NEXR Technologies SE,0,NODE_JS
Madkhol,1,NODE_JS
"Retrain.ai, inc",0,NODE_JS
Getsafe,1,REACT
Cian_2,0,REACT
Банки.ру,0,REACT
Тинькофф Банк,0,REACT
Yara International,1,REACT_NATIVE
Банки.ру,0,PHP
Kooba,0,PHP
Kooba,1,PHP
I22,1,RUBY
Eleving Group,1,RUBY
СберМаркет,0,RUBY
Quincus,0,RUBY
Ростелеком #2,0,GO
Yara International,1,SOFTWARE_ARCHITECT
Global Shares Ireland Limited,0,SOFTWARE_ARCHITECT
Wayflyer Limited,0,PYTHON
Wayflyer Limited,0,PYTHON
МАГНИТ,0,VUE_JS
Publicis Media DE,1,REACT
Paysera,0,REACT
Backbase,0,QA_AUTOMATION_ENGINEER_JAVA
Publicis Media DE,1,NET
Publicis Media DE,0,NET
Rush Street Interactive,1,ANDROID
IHS,1,ANGULAR
Eleving Group,0,RUBY
IHS,0,NET
IHS,1,DEVOPS
Allianz Partners (MultiLob),1,BUSINESS_ANALYST
Backbase,0,QA_AUTOMATION_ENGINEER_JAVA
Backbase,0,QA_AUTOMATION_ENGINEER_JAVA
BSS Group,0,QA_ENGINEER
Манго телеком,0,QA_ENGINEER
Манго телеком,0,QA_ENGINEER
Банки.ру,0,REACT
Ингосстрах-Инвестиции,0,SYSTEM_ANALYST
Transporeon,1,JAVA
Backbase,1,JAVA
Yara International,1,REACT_NATIVE
I22,1,REACT
IHS,0,NET
Allianz Partners (MultiLob),1,UX_UI
Философия ИТ,0,JAVA
Wondersign,0,NODE_JS
МАГНИТ,0,REACT
Global Shares Ireland Limited,0,QA_ENGINEER
Backbase,1,ANGULAR
Тинькофф Банк,0,ANDROID
GMCS,0,SYSTEM_ANALYST
I22,0,PHP
IHS Kernel,1,DEVOPS
IHS Kernel,0,DEVOPS
ANIXE,0,UX_UI
Backbase,0,QA_AUTOMATION_ENGINEER_JAVA
RCI Banque S.A. Niederlassung Deutschland,0,DATA_ENGINEER_DBA
Atroo,0,REACT
Ланит - ВТБ,0,JAVA
Ростелеком #2,0,RUBY
Phenom People,0,UX_UI
eurofunk,1,QA_AUTOMATION_ENGINEER_JS
Datagile,0,REACT
Space (Neobank),0,IOS
Сбер Риски Департамент интегрированного риск-менеджмента,0,JAVA
Global Shares Ireland Limited,0,QA_ENGINEER
Ростелеком #2,0,IOS
Backbase,0,JAVA
Манго телеком,0,KOTLIN
Moovforge,0,REACT
Альфа-банк,0,QA_AUTOMATION_ENGINEER_JAVA
Альфа-банк,0,QA_AUTOMATION_ENGINEER_JAVA
Альфа-банк,0,QA_AUTOMATION_ENGINEER_JAVA
Альфа-банк,0,QA_ENGINEER
Wondersign,0,PYTHON
IHS,1,NET
Альфа-банк,0,ANDROID
Atroo,1,REACT
Atroo,1,REACT
Backbase,0,JAVA
BSS Group,0,JAVA
Quincus,0,GO
Альфа-банк,0,JAVA
Альфа-банк,0,JAVA
Тинькофф Банк,0,ANDROID
Exness,0,SYSTEM_ANALYST
IHS Kernel,0,DEVOPS
Банки.ру,0,PHP
Уральский банк реконструкции и развития,0,SYSTEM_ANALYST
BSS Group,0,JAVA
Ланит - Сбер,0,JAVA
Ланит - Сбер,0,JAVA
Ланит - ВТБ,0,JAVA
RCI Banque S.A. Niederlassung Deutschland,1,DEVOPS
Eleving Group,0,HTML
IHS,1,NET
IHS,0,NET
МТС Диджитал,0,NET
Альфа-банк,0,SYSTEM_ANALYST
Альфа-банк,0,SYSTEM_ANALYST
Альфа-банк,0,SYSTEM_ANALYST
Альфа-банк,0,SYSTEM_ANALYST
Backbase,1,IOS
River Tech,0,JAVA
Альфа-банк,0,SYSTEM_ANALYST
Moovforge,0,REACT
Альфа-банк,0,DEVOPS
BSS Group,0,JAVA
Альфа-банк,0,QA_ENGINEER
МАГНИТ,0,QA_AUTOMATION
M10 (PayPoint),0,DEVOPS
Global Shares Ireland Limited,0,QA_AUTOMATION_ENGINEER_JAVA
Global Shares Ireland Limited,0,QA_AUTOMATION_ENGINEER_JAVA
Global Shares Ireland Limited,0,QA_AUTOMATION_ENGINEER_JAVA
Rush Street Interactive,0,UX_UI
Paysera,0,PHP
Философия ИТ,0,JAVA
Альфа-банк,0,JAVA
IHS Kernel,1,NET
Ингосстрах-Инвестиции,0,SYSTEM_ANALYST
Backbase,0,IOS
Datagile,0,REACT
M10 (PayPoint),1,DEVOPS
Самолёт Венчурс - Плафторма Самолёт+,0,DEVOPS
Ростелеком #2,0,SYSTEM_ANALYST
Backbase,1,ANDROID
Альфа-банк,0,ANDROID
Global Shares Ireland Limited,0,QA_ENGINEER
eurofunk,0,QA_ENGINEER
IHS,0,NET
Backbase,0,ANDROID
Independer,1,ANGULAR
Shieldpay,0,NODE_JS
Альфа-банк,0,IOS
M10 (PayPoint),0,QA_AUTOMATION_ENGINEER_JAVA
Альфа-банк,0,IOS
IHS,1,ANGULAR
Самолёт Венчурс - Плафторма Самолёт+,0,SOLUTIONS_ARCHITECT
Publicis Media DE,1,NET
JTI (Japan Tobacco International),1,GO
МТС Диджитал,0,ORACLE
Ингосстрах-Инвестиции,0,SYSTEM_ANALYST
Ингосстрах-Инвестиции,0,BUSINESS_ANALYST
Exinity,1,PHP
Exinity,1,PHP
Moonfare,0,REACT
Альфа-банк,0,QA_AUTOMATION_C_SHARP
msg Plaut Austria GmbH,1,JAVA
Backbase,0,JAVA
Wondersign,1,QA_AUTOMATION_ENGINEER_PYTHON
Global Shares Ireland Limited,0,SOFTWARE_ARCHITECT
Альфа-банк,0,IOS
Independer,1,ANGULAR
Альфа-банк,0,SYSTEM_ANALYST
Ингосстрах-Инвестиции,0,BUSINESS_ANALYST
Альфа-банк,0,JAVA
Comparis,1,REACT
IHS,0,NET
M10 (PayPoint),1,FLUTTER
Альфа-банк,0,JAVA
Booking Group Corporation,1,REACT
Global Shares Ireland Limited,0,QA_ENGINEER
BlueBridge Technologies,0,QA_ENGINEER
River Tech,1,JAVA
JTI (Japan Tobacco International),0,PHP
Самолёт Венчурс - Плафторма Самолёт+,0,NET
ANIXE,0,NET
Сбер РБ - Домклик,0,SYSTEM_ANALYST
Rush Street Interactive,1,ANDROID
Альфа-банк,0,IOS
Тинькофф Банк,0,IOS
Альфа-банк,0,QA_AUTOMATION_ENGINEER_JAVA
СберМаркет,0,RUBY
msg Plaut Austria GmbH,1,JAVA
Сбер Риски Департамент интегрированного риск-менеджмента,0,JAVA
Exinity,0,SYSTEM_ANALYST
Exinity,0,SYSTEM_ANALYST
Тинькофф Банк,0,JAVA
IHS,1,NET
Альфа-банк,0,ANDROID
Тинькофф Банк,0,IOS
Moonfare,1,NODE_JS
Moovforge,0,REACT
Тинькофф Банк,0,JAVA
Самолёт Венчурс - Плафторма Самолёт+,0,SYSTEM_ANALYST
Тинькофф Банк,0,BUSINESS_ANALYST
Тинькофф Банк,0,JAVA
Lexop,0,RUBY
Leonteq,1,SCALA
Team Force,0,QA_AUTOMATION_ENGINEER_JAVA
Allianz Partners,1,QA_AUTOMATION_ENGINEER_JAVA
Allianz Partners,0,QA_AUTOMATION_ENGINEER_JAVA
People Intelligence,0,PYTHON
Альфа-банк,0,IOS
IHS,0,NET
Rush Street Interactive,0,UX_UI
Банки.ру,0,PHP
Банки.ру,0,JAVA
Allianz Partners (MultiLob),1,BUSINESS_ANALYST
Allianz Partners,0,SYSTEM_ANALYST
Allianz Partners,1,SYSTEM_ANALYST
Allianz Partners,0,QA_AUTOMATION_ENGINEER_JAVA
Paysera,0,QA_AUTOMATION_ENGINEER_JAVA
Comparis,0,REACT
Философия ИТ,0,JAVA
Verses,1,REACT
Wondersign,0,NODE_JS
River Tech,0,JAVA
Альфа-банк,0,QA_ENGINEER
Альфа-банк,0,QA_ENGINEER
Global Shares Ireland Limited,0,QA_ENGINEER
Team Force,0,ANGULAR
Global Shares Ireland Limited,0,QA_ENGINEER
Global Shares Ireland Limited,0,QA_ENGINEER
Global Shares Ireland Limited,0,QA_AUTOMATION_ENGINEER_JAVA
Global Shares Ireland Limited,0,QA_ENGINEER
BlueBridge Technologies,0,QA_AUTOMATION_ENGINEER_JS
Global Shares Ireland Limited,0,QA_AUTOMATION_ENGINEER_JAVA
River Tech,0,JAVA
Тинькофф Банк,0,JAVA
Тинькофф Банк,0,JAVA
Тинькофф Банк,0,JAVA
NEXR Technologies SE,0,NODE_JS
Global Shares Ireland Limited,0,QA_AUTOMATION_ENGINEER_JAVA
Ингосстрах-Инвестиции,0,QA_AUTOMATION_ENGINEER_PYTHON
JTI (Japan Tobacco International),0,DEVOPS
ANIXE,0,GO
Chrsolutions,0,NET
BlueBridge Technologies,0,QA_AUTOMATION_ENGINEER_PYTHON
JTI (Japan Tobacco International),1,PHP
Альфа-банк,0,JAVA
Global Shares Ireland Limited,0,QA_ENGINEER
Laya Technologies,1,DEVOPS
Global Shares Ireland Limited,0,ANGULAR
Global Shares Ireland Limited,0,QA_AUTOMATION_ENGINEER_JAVA
Банки.ру,0,SYSTEM_ANALYST
"Retrain.ai, inc",1,NODE_JS
Тинькофф Банк,0,JAVA
Тинькофф Банк,0,JAVA
Madkhol,0,NODE_JS
Transporeon,1,JAVA
Тинькофф Банк,0,IOS
Exness,0,NODE_JS
Альфа-банк,0,IOS
ABB Switzerland Ltd,0,NET
eurofunk,0,JAVA
"Retrain.ai, inc",0,REACT
Yara International,1,REACT_NATIVE
Reuter Gruppe,1,REACT
Ecovium GmbH,0,NODE_JS
BSS Group,0,QA_ENGINEER
Reuter Gruppe,1,BUSINESS_ANALYST
Ингосстрах-Инвестиции,0,QA_AUTOMATION_ENGINEER_PYTHON
Exness,1,PYTHON
Альфа-банк,0,JAVA
Data Lens Labs Ltd,0,REACT
Allianz Partners,1,JAVA
Allianz Partners,1,JAVA
Backbase,0,QA_AUTOMATION_ENGINEER_JAVA
Альфа-банк,0,QA_AUTOMATION_ENGINEER_JAVA
Банки.ру,0,PHP
Ингосстрах-Инвестиции,0,ANDROID
Global Shares Ireland Limited,0,QA_AUTOMATION_ENGINEER_JAVA
Банки.ру,0,PHP
Альфа-банк,0,JAVA
Moovforge,0,REACT
Qatar National Bank,1,JAVA
ANIXE,0,GO
tabby SA,1,REACT_NATIVE
Ингосстрах-Инвестиции,0,IOS
МТС Диджитал,0,NET
Ингосстрах-Инвестиции,0,SYSTEM_ANALYST
Comparis,1,REACT
Backbase,1,JAVA
Ингосстрах-Инвестиции,0,SYSTEM_ANALYST
eurofunk,1,DEVOPS
"Retrain.ai, inc",1,REACT
ANIXE,0,BUSINESS_ANALYST
Moovforge,1,REACT
МТС Диджитал,0,NET
МТС Диджитал,0,NET
МТС Диджитал,0,NET
ABB Switzerland Ltd,0,NET
ABB Switzerland Ltd,0,NET
Манго телеком,0,NODE_JS
MemberNova,1,NET
Booking Group Corporation,1,DEVOPS
cxomni CXM cloud,1,REACT
Тинькофф Банк,0,IOS
Paysera,1,DELIVERY_MANAGER
Самолёт Венчурс - Плафторма Самолёт+,0,NET
Moonfare,0,REACT
Reuter Gruppe,1,REACT
Global Shares Ireland Limited,1,ANGULAR
Geta Digital,0,ANGULAR
BSS Group,0,REACT
Exness,1,NODE_JS
Comparis,1,REACT
JTI (Japan Tobacco International),0,DEVOPS
Wayflyer Limited,0,PYTHON
IHS,0,ANGULAR
Exness,0,GRAPHIC_DESIGNER
Exness,0,GRAPHIC_DESIGNER
Сбер РБ - Домклик,0,SYSTEM_ANALYST
Ингосстрах-Инвестиции,0,SYSTEM_ANALYST
МТС Диджитал,0,SYSTEM_ANALYST
МТС Диджитал,0,NET
ITFB Group,0,IOS
JTI (Japan Tobacco International),0,NET
ABB Switzerland Ltd,1,REACT
ABB Switzerland Ltd,0,REACT
JTI (Japan Tobacco International),0,DEVOPS
Банки.ру,0,JAVA
Quincus,0,RUBY
Тинькофф Банк,0,JAVA
Global Shares Ireland Limited,0,NET
Allianz Technology,0,DATA_ENGINEER_DBA
JTI (Japan Tobacco International),1,QA_AUTOMATION_ENGINEER_JS
Backbase,0,QA_AUTOMATION_ENGINEER_JAVA
Chrsolutions,1,NET
МТС Диджитал,0,NET
Publicis Media DE,1,NET
Сбер РБ - Домклик,0,SYSTEM_ANALYST
Allianz Partners,1,JAVA
Backbase,0,IOS
Банки.ру,0,PHP
Madkhol,0,NODE_JS
Самолёт Венчурс - Плафторма Самолёт+,0,NET
Yara International,0,NET
Сбер Риски Департамент интегрированного риск-менеджмента,0,JAVA
Сбер Риски Департамент интегрированного риск-менеджмента,0,JAVA
Bitmovin GmbH,0,ANDROID
ABB Switzerland Ltd,1,NET
Global Shares Ireland Limited,0,QA_ENGINEER
Madkhol,0,NODE_JS
SupplyStack,1,NODE_JS
SupplyStack,0,NODE_JS
Moovforge,0,PROJECT_MANAGEMENT
Team Force,0,QA_AUTOMATION
Тинькофф Банк,0,SYSTEM_ANALYST
Publicis Media DE,1,NET
SchenckONE Machine,1,SOFTWARE_ARCHITECT
NEXR Technologies SE,1,NODE_JS
Ростелеком #2,0,REACT
Сбер РБ - Домклик,0,SYSTEM_ANALYST
Thryve (mHealth Pioneers GmbH),1,SOFTWARE_ARCHITECT
Ингосстрах-Инвестиции,0,BUSINESS_ANALYST
Backbase,0,JAVA
Тинькофф Банк,0,JAVA
Data Lens Labs Ltd,1,REACT
River Tech,1,JAVA
JTI (Japan Tobacco International),0,NET
Publicis Media DE,1,NET
Compleet,1,PHP
SupplyStack,1,EXT_JS
Самолёт Венчурс - Плафторма Самолёт+,0,UX_UI
Bundle,1,UX_UI
Publicis Media DE,1,DATA_ENGINEER_DBA
IHS Kernel,0,DEVOPS
Ингосстрах-Инвестиции,0,C_SHARP
Brandoo,0,REACT_NATIVE
Самолёт Венчурс - Плафторма Самолёт+,0,UX_UI
IHS,1,ANGULAR
SupplyStack,1,SCRUM_MASTER
msg Plaut Austria GmbH,0,JAVA
ПАО Банк «ФК Открытие»,0,JAVA
Тинькофф Банк,0,ANDROID
Global Shares Ireland Limited,1,QA_AUTOMATION_ENGINEER_JAVA
Самолёт Венчурс - Плафторма Самолёт+,0,NET
Самолёт Венчурс - Плафторма Самолёт+,0,NET
Global Shares Ireland Limited,0,ANGULAR
Ингосстрах-Инвестиции,0,BUSINESS_ANALYST
msg Plaut Austria GmbH,0,BUSINESS_ANALYST
Trip-arc,1,QA_ANALYST
Fressnapf Tiernahrungs,1,QA_AUTOMATION_ENGINEER_JAVA
IHS Kernel,0,DATA_SCIENCE_ML
Allianz Technology,0,DATA_ENGINEER_DBA
inDriver,1,IOS
Allianz Technology,0,DATA_ENGINEER_ETL
Transporeon,1,JAVA
Bitmovin GmbH,0,ANDROID
IHS Kernel,0,DATA_SCIENCE_ML
ABB Switzerland Ltd,0,NET
Банки.ру,0,NODE_JS
"Retrain.ai, inc",1,REACT
Тинькофф Банк,0,IOS
Ланит - ВТБ,0,SYSTEM_ANALYST
МТС Диджитал,0,NET
Ингосстрах-Инвестиции,0,ANDROID
Самолёт Венчурс - Плафторма Самолёт+,0,NET
Global Shares Ireland Limited,0,ANGULAR
Getsafe,0,RUBY
ABB Switzerland Ltd,0,QA_AUTOMATION_C_SHARP
ABB Switzerland Ltd,0,QA_AUTOMATION_C_SHARP
ABB Switzerland Ltd,0,QA_AUTOMATION_C_SHARP
Ланит - ВТБ,0,SYSTEM_ANALYST
ABB Switzerland Ltd,0,QA_AUTOMATION_C_SHARP
Backbase,0,JAVA
ABB Switzerland Ltd,1,QA_AUTOMATION_C_SHARP
Bundle,0,NODE_JS
Bundle,0,REACT
SupplyStack,0,NODE_JS
Global Shares Ireland Limited,1,QA_ENGINEER
Сбер РБ - Домклик,0,SYSTEM_ANALYST
Global Shares Ireland Limited,1,QA_AUTOMATION_ENGINEER_JAVA
Банки.ру,0,SYSTEM_ANALYST
Альфа-банк,0,ANDROID
Ecovium GmbH,0,BUSINESS_ANALYST
GMCS,0,SQL
Самолёт Венчурс - Плафторма Самолёт+,0,SYSTEM_ANALYST
МАГНИТ,0,VUE_JS
StormPay,0,ANDROID
StormPay,0,IOS
Самолёт Венчурс - Плафторма Самолёт+,0,NET
Global Shares Ireland Limited,0,SCRUM_MASTER
Манго телеком,0,NODE_JS
Yara International,0,NODE_JS
Global Shares Ireland Limited,0,NET
Reuter Gruppe,1,REACT
Reuter Gruppe,1,REACT
Global Shares Ireland Limited,0,QA_AUTOMATION_ENGINEER_JAVA
IHS,0,NET
Allianz Technology,0,DATA_ENGINEER_DBA
ПАО Банк «ФК Открытие»,0,QA_ENGINEER
Softeq Minsk,0,QA_AUTOMATION_ENGINEER_JS
МТС Диджитал,0,NET
Allianz Partners,1,SYSTEM_ANALYST
Brandoo,0,REACT_NATIVE
МТС Диджитал,0,ANDROID
ПАО Банк «ФК Открытие»,0,JAVA
Nexxiot AG,0,QA_ENGINEER
Банки.ру,0,QA_AUTOMATION_ENGINEER_JAVA
Ланит - ВТБ,0,REACT
Ланит - ВТБ,0,REACT
Atroo,1,QA_AUTOMATION_ENGINEER_JS
Yara International,1,QA_AUTOMATION
Reuter Gruppe,1,PROJECT_MANAGEMENT
BSS Group,0,SYSTEM_ANALYST
JTI (Japan Tobacco International),1,PHP
Философия ИТ,0,JAVA
Философия ИТ,0,JAVA
Exinity,1,PHP
Nexxiot AG,1,QA_ENGINEER
Самолёт Венчурс - Плафторма Самолёт+,0,NET
Wayflyer Limited,1,REACT
Verses,1,FLUTTER
IHS,0,NET
Самолёт Венчурс - Плафторма Самолёт+,0,NET
Самолёт Венчурс - Плафторма Самолёт+,0,VUE_JS
StormPay,1,IOS
Atroo,0,REACT
StormPay,1,ANDROID
Thryve (mHealth Pioneers GmbH),1,IOS
МТС Диджитал,0,ORACLE
Ростелеком #2,0,ANDROID
ПАО Банк «ФК Открытие»,0,QA_ENGINEER
Ecovium GmbH,0,BUSINESS_ANALYST
Backbase,0,ANDROID
Team Force,0,JAVA
BSS Group,0,QA_ENGINEER
Scytl,1,JAVA
ANIXE,0,NET
ANIXE,1,PHP
Mondia group,0,NODE_JS
Альфа-банк,0,JAVA
ABB Switzerland Ltd,1,REACT
Wondersign,0,NODE_JS
M10 (PayPoint),0,FLUTTER
M10 (PayPoint),1,QA_AUTOMATION_ENGINEER_JAVA
M10 (PayPoint),0,JAVA
M10 (PayPoint),1,JAVA
M10 (PayPoint),0,QA_AUTOMATION_ENGINEER_JAVA
Ростелеком #2,0,SYSTEM_ANALYST
Wayflyer Limited,0,PYTHON
Compleet,1,VUE_JS
Самолёт Венчурс - Плафторма Самолёт+,0,NET
Accenture Russia,0,BUSINESS_ANALYST
M10 (PayPoint),1,FLUTTER
M10 (PayPoint),0,JAVA
Allianz Partners (MultiLob),1,KOTLIN
Backbase,0,DEVOPS
BIKE24,0,REACT
Independer,1,ANGULAR
Getsafe,1,RUBY
Space (Neobank),0,ANDROID
Банки.ру,0,PHP
tabby SA,1,IOS
tabby SA,0,IOS
SupplyStack,1,NODE_JS
NEXR Technologies SE,0,PRODUCT_OWNER
NEXR Technologies SE,1,PRODUCT_OWNER
Accenture Russia,0,BUSINESS_ANALYST
Альфа-банк,0,JAVA
ABB Switzerland Ltd,0,NET
Самолёт Венчурс - Плафторма Самолёт+,0,NET
Яндекс Медиалаб,0,JAVA
Ланит - ВТБ,0,REACT
МТС Диджитал,0,NET
Сбер РБ Платежи&Переводы,0,QA
Самолёт Венчурс - Плафторма Самолёт+,0,NET
Ростелеком #2,0,C_PLUSPLUS
Data Lens Labs Ltd,1,REACT
Альфа-банк,0,GO
msg Plaut Austria GmbH,0,BUSINESS_ANALYST
Backbase,1,IOS
Альфа-банк,0,ANDROID
Альфа-банк,0,SYSTEM_ANALYST
Сбербанк Казахстан,1,REACT
X5 Retail Group Портал поставщика,0,GO
msg Plaut Austria GmbH,1,DEVOPS
Roibox,0,ANGULAR
Allianz Technology (GSI Travel),1,JAVA
Ростелеком #2,0,ANDROID
M10 (PayPoint),1,FLUTTER
Ланит - Сбер,0,JAVA
Банки.ру,0,PHP
Rush Street Interactive,1,REACT
Rush Street Interactive,1,REACT
Moonfare,1,NODE_JS
"Retrain.ai, inc",1,NODE_JS
JTI (Japan Tobacco International),1,NET
Rezolve,1,PHP
Reuter Gruppe,1,NODE_JS
Global Shares Ireland Limited,0,QA_ENGINEER
Upfitness,1,IOS
Roibox,0,NET
Mondia group,1,NODE_JS
Сбербанк Казахстан,1,REACT
Global Shares Ireland Limited,0,SOFTWARE_ARCHITECT
Сбер РБ Кошелек Клиента (ФИТ),0,JAVA
Ростелеком #2,0,SYSTEM_ANALYST
I-Teco,0,JAVA
Альфа-банк,0,QA_AUTOMATION_C_SHARP
Ростелеком #2,0,QA_AUTOMATION_ENGINEER_PYTHON
Backbase,1,ANGULAR
Ростелеком #2,0,ROR
Moovforge,0,REACT
MemberNova,0,QA_AUTOMATION
IHS Kernel,1,NET
Arviem AG,1,JAVA
Publicis Media DE,1,NET
Сбер РБ Кошелек Клиента (ФИТ),0,SYSTEM_ANALYST
Publicis Media DE,1,NET
IHS,0,NET
Ростелеком #2,0,ANDROID
Centtrip UK,0,AWS
Alternative Payments PSD2,0,NET
Банки.ру,0,SYSTEM_ANALYST
BIKE24,0,REACT
Phenom People,1,UX_UI
ПАО Банк «ФК Открытие»,0,QA_ENGINEER
Ростелеком #2,0,ANDROID
MemberNova,0,QA_AUTOMATION
tabby SA,1,IOS
Сбер РБ ДомКлик_ЕФС,0,JAVA
Манго телеком,0,QA_AUTOMATION_ENGINEER_JAVA
Ланит - ВТБ,0,JAVA
People Intelligence,1,REACT
Сбер РБ Кошелек Клиента (ФИТ),0,DATA_ENGINEER
ATG,1,REACT
ATG,1,REACT
Data Lens Labs Ltd,1,QA
Space (Neobank),0,IOS
Ростелеком #2,0,ANDROID
Global Shares Ireland Limited,1,QA_ENGINEER
Самолёт Венчурс - Плафторма Самолёт+,1,PROJECT_MANAGEMENT
Independer,1,ANGULAR
IHS,1,NET
Space (Neobank),0,IOS
X5 Retail Group Портал поставщика,0,DEVOPS
Alternative Payments PSD2,1,QA_AUTOMATION_C_SHARP
Ростелеком #2,0,SYSTEM_ANALYST
Самолёт Венчурс - Плафторма Самолёт+,0,QA_AUTOMATION_ENGINEER_JS
Ростелеком #2,0,ANDROID
Банки.ру,0,PHP
МЦ НТТ - TM (РТК Контакт-центр),0,REACT
Уральский банк реконструкции и развития,0,REACT
RCI Banque S.A. Niederlassung Deutschland,1,BUSINESS_ANALYST
ethinking,1,JAVA
Duftner,1,IOS
M10 (PayPoint),0,JAVA
Accenture Russia,0,BUSINESS_ANALYST
GMCS,0,REACT
МЦ НТТ - TM (РТК Контакт-центр),0,QA
Jusan Bank - Staff augmentation,1,ANGULAR
ATG,0,NODE_JS
Wio Bank,0,JAVA
Wio Bank,0,JAVA
Madkhol,0,NODE_JS
Centtrip USA,1,QA
МТС Диджитал,0,SYSTEM_ANALYST
Сбер РБ - Домклик,0,SYSTEM_ANALYST
МТС Диджитал,0,DEVOPS
Backbase,0,QA_AUTOMATION_ENGINEER_JAVA
Arviem AG,1,JAVA
IHS,0,NET
ABB Switzerland Ltd,1,NET
IHS,0,NET
MemberNova,1,QA_AUTOMATION
People Intelligence,1,PYTHON
Банки.ру,0,PHP
Transporeon,1,JAVA
ATG,1,REACT
JTI (Japan Tobacco International),0,PHP
Quincus,0,JAVA
Allianz Partners,1,JAVA
Alternative Payments PSD2,0,NET
МЦ НТТ - TM (РТК Контакт-центр),0,QA_AUTOMATION_ENGINEER_JAVA
AssetBook LLC2,1,UX_UI
BIKE24,1,REACT
GMCS,0,JAVA
X5 Retail Group Портал поставщика,0,PYTHON
Paysera,0,ARCHITECT
Уральский банк реконструкции и развития,0,ORACLE
Ланит - ВТБ,0,JAVA
Ростелеком #2,0,SYSTEM_ANALYST
Яндекс Медиалаб,0,PYTHON
Wondersign,0,PYTHON
Kooba,1,ANGULAR_JS
Atroo,1,REACT
Broadcasting Center Europe (BCE),1,JAVA
StormPay,0,QA_AUTOMATION
X5 Retail Group. 5POST,0,BI_ANALYST
МТС Диджитал,0,SYSTEM_ANALYST
ATG,1,REACT
Jusan Bank - Staff augmentation,1,ANGULAR
Ростелеком #2,0,ANDROID
Философия ИТ,0,REACT
Яндекс Медиалаб,0,JAVA
Quincus,0,JAVA
Манго телеком,0,QA_AUTOMATION_ENGINEER_JAVA
StormPay,1,QA_MOBILE
Самолёт Венчурс - Плафторма Самолёт+,0,PROJECT_MANAGEMENT
Яндекс Медиалаб,0,JAVA
BIKE24,0,REACT
Booking Group Corporation,1,BUSINESS_ANALYST
Альфа-банк,0,BUSINESS_ANALYST
Space (Neobank),1,C_SHARP
ATG,1,NODE_JS
Backbase,1,QA_AUTOMATION_ENGINEER_JAVA
Сбер РБ Кошелек Клиента (ФИТ),0,QA
Тинькофф Банк,0,IOS
JET RoR,0,RUBY
IHS,0,NET
Space (Neobank),0,C_SHARP
МАГНИТ,0,ANDROID
МАГНИТ,0,ANDROID
X5 Retail Group. 5POST,0,DEVOPS
I-Teco,0,JAVA
Exness,1,UX_UI
Majorel,0,SYSTEM_ANALYST
Majorel,1,SYSTEM_ANALYST
Space (Neobank),1,SQL
BSS Group,0,SYSTEM_ANALYST
Accenture Russia,0,BUSINESS_ANALYST
Альфа-банк,0,BUSINESS_ANALYST
IHS,0,NET
Backbase,1,DEVOPS
Ververica,1,ANGULAR
Сбер РБ ДомКлик_ЕФС,0,JAVA
Уральский банк реконструкции и развития,0,"PHP,SYMFONY"
Allianz Partners (MultiLob),1,ANGULAR
People Intelligence,0,PROJECT_MANAGEMENT
People Intelligence,0,PROJECT_MANAGEMENT
Mondia group,1,NODE_JS
Allianz Partners (MultiLob),1,QA_AUTOMATION_ENGINEER_JAVA
Ecovium GmbH,1,ANGULAR
Stoovo,0,NODE_JS
Rezolve,1,ANDROID
Yara International,0,NODE_JS
Space (Neobank),1,ANDROID
Exinity,1,QA_AUTOMATION_ENGINEER_PYTHON
Alternative Payments PSD2,1,NET
ABB Switzerland Ltd,0,NET
Synchtank,1,PROJECT_MANAGEMENT
People Intelligence,0,PROJECT_MANAGEMENT
Phenom People,0,UX_UI
ATG,1,NODE_JS
Самолёт Венчурс - Плафторма Самолёт+,0,PROJECT_MANAGEMENT
Decta,1,PYTHON
Самолёт Венчурс - Плафторма Самолёт+,0,QA
LigaStavok.TM,0,FLUTTER
Compleet,1,"PHP,VUE_JS"
Альфа-банк,0,BUSINESS_ANALYST
Яндекс Медиалаб,0,DATA_ANALYST
Яндекс Медиалаб,0,JAVA
Letsbloom,0,RUBY
StormPay,0,IOS
Compleet,1,PHP
Wio Bank,0,JAVA
CHANTELLE,1,QA
Backbase,1,QA_AUTOMATION_ENGINEER_JAVA
ATG,0,REACT
ATG,0,REACT
Global Shares Ireland Limited,0,NET
M10 (PayPoint),1,JAVA
Centtrip USA,1,BUSINESS_ANALYST
Data Lens Labs Ltd,1,QA
X5 Retail Group Портал поставщика,0,PYTHON
Data Lens Labs Ltd,1,BUSINESS_ANALYST
Data Lens Labs Ltd,1,WEB_DESIGNER
МЦ НТТ - TM (РТК Контакт-центр),0,QA_AUTOMATION_ENGINEER_JAVA
ATG,1,REACT
BIKE24,1,REACT
Сбер Риски Департамент интегрированного риск-менеджмента,0,JAVA
Scytl,1,"JAVA,PYTHON"
Scytl,0,"JAVA,PYTHON"
IHS,0,QA_AUTOMATION_C_SHARP
Самолёт Венчурс - Плафторма Самолёт+,0,PROJECT_MANAGEMENT
TICON UK LIMITED,1,"AWS,POSTGRESQL,PY_TEST,PYTHON"
TICON UK LIMITED,1,"POSTGRESQL,PYTHON"
Fressnapf Tiernahrungs,1,"QA_LEAD,QA_MANAGER"
Compleet,0,JAVA
Банки.ру,0,REACT
X5 Retail Group. 5POST,0,DEVOPS
DMHub,1,UX_UI
Wio Bank,0,JAVA
StormPay,0,JAVA
Уральский банк реконструкции и развития,0,REACT
Философия ИТ,0,REACT
ATG,0,NODE_JS
Wondersign,0,NODE_JS
tabby SA,1,REACT_NATIVE
МЦ НТТ - TM (РТК Контакт-центр),0,JAVA
Exness,1,"REACT,REDUX"
Exness,1,"REACT,REDUX"
Альфа-банк,0,BUSINESS_ANALYST
X5 Retail Group Портал поставщика,0,"KOTLIN,SPRING,SCALA"
Яндекс Медиалаб,0,JAVA
Allianz Partners,0,JAVA
Самолёт Венчурс - Плафторма Самолёт+,0,PROJECT_MANAGEMENT
Самолёт Венчурс - Плафторма Самолёт+,0,PROJECT_MANAGEMENT
SchenckONE Machine,1,WPF
CHANTELLE,1,QA
Уральский банк реконструкции и развития,0,REACT
AMDTelecom,0,"ANGULAR,ANGULAR_JS"
Уральский банк реконструкции и развития,0,"PHP,SYMFONY"
TICON UK LIMITED,1,"AWS,CLOUD_ADMINISTRATOR,DEVOPS,POSTGRESQL"
ПАО Банк «ФК Открытие»,0,QA_AUTOMATION_ENGINEER_JAVA
Paysera,0,REACT
Paysera,1,REACT
Paysera,1,REACT
BSS Group,0,QA
Exinity,0,PHP
CHANTELLE,1,NODE_JS
Jusan Bank - Staff augmentation,1,ANGULAR_JS
Yonoton,1,REACT_NATIVE
IHS,0,QA_AUTOMATION_C_SHARP
МТС Диджитал,0,DATA_ENGINEER
Сбер Риски Департамент интегрированного риск-менеджмента,0,JAVA
ABB Switzerland Ltd,1,"REACT,REDUX,C_SHARP,TYPE_SCRIPT,NET"
Философия ИТ,0,QA_AUTOMATION
ATG,1,NODE_JS
Exness,1,GRAPHIC_DESIGNER
Альфа-банк,0,DEVOPS
Yara International,1,NODE_JS
Centtrip UK,1,AWS
МТС Диджитал,1,GO
Reuter Gruppe,0,NODE_JS
МТС Диджитал,0,IOS
Яндекс Медиалаб,0,JAVA
Wio Bank,0,JAVA
Wio Bank,0,JAVA
Yara International,0,PRODUCT_OWNER
IHS Kernel,0,DATA_SCIENCE_ML
BSS Group,0,NODE_REACT
Moovforge,1,REACT
МЦ НТТ - TM (РТК Контакт-центр),0,QA_AUTOMATION_ENGINEER_JAVA
Jusan Bank - Staff augmentation,1,IOS
WorldR,0,"VUE_JS,TYPE_SCRIPT"
WorldR,1,"GO,POSTGRESQL"
WorldR,1,"GO,VUE_JS"
Сбербанк Казахстан,1,REACT
Scytl,0,"JAVA,PYTHON"
Booking Group Corporation,1,REACT
X5 Retail Group. 5POST,0,BI_ANALYST
Space (Neobank),0,C_SHARP
Уральский банк реконструкции и развития,0,SYSTEM_ANALYST
PropertyGuru Group,0,REACT_NATIVE
IHS,1,NET
Mondia group,0,SPRING
SchenckONE Machine,1,WPF
Datagile,0,"REACT,TYPE_SCRIPT"
Exinity,0,PHP
IHS,0,JAVA
Самолёт Венчурс - Плафторма Самолёт+,1,QA
IHS,1,JAVA
Allianz Partners,1,JAVA
X5 Retail Group. 5POST,0,DEVOPS
Jusan Bank - Staff augmentation,0,"ANGULAR,ANGULAR_JS"
AssetBook LLC2,1,ANGULAR
IHS,1,NET
Jusan Bank - Staff augmentation,1,BUSINESS_ANALYST
Сбер РБ - Домклик,1,ANDROID
StormPay,0,"GRAPHIC_DESIGNER,WEB_DESIGNER"
Яндекс Медиалаб,0,PYTHON
People Intelligence,0,REACT
Arviem AG,1,BI_ANALYST
Datagile,1,"REACT,TYPE_SCRIPT"
X5 Retail Group. 5POST,1,BI_ANALYST
Сбер Риски Департамент интегрированного риск-менеджмента,0,JAVA
Уральский банк реконструкции и развития,1,SYSTEM_ANALYST
ПАО Банк «ФК Открытие»,1,QA_AUTOMATION
Уральский банк реконструкции и развития,0,REACT
МТС Диджитал,1,DATA_ENGINEER
Letsbloom,0,RUBY
Сбер РБ Кошелек Клиента (ФИТ),1,SYSTEM_ANALYST
Ланит - Сбер,1,SYSTEM_ANALYST
Allianz Partners,0,DEVOPS
Уральский банк реконструкции и развития,1,REACT
IPF digital (Java),0,JAVA
IPF digital (Java),0,JAVA
ПАО Банк «ФК Открытие»,0,ANDROID
BSS Group,0,NODE_REACT
Exness,0,PYTHON
Сбер Риски Департамент интегрированного риск-менеджмента,0,QA_AUTOMATION_ENGINEER_JAVA
Allianz Technology (GSI Travel),1,QA_AUTOMATION_ENGINEER_JAVA
AssetBook LLC2,1,ANGULAR
Сбер РБ Социальные и зарплатные решения,0,JAVA
Moovforge,1,REACT
Самолёт Венчурс - Плафторма Самолёт+,1,NET
Scytl,1,"ANGULAR,JAVA"
Space (Neobank),1,C_SHARP
Exinity,0,PHP
ПАО Банк «ФК Открытие»,1,ANDROID
ПАО Банк «ФК Открытие»,0,ANDROID
Letsbloom,1,REACT
Ростелеком #2,0,"ANDROID,JAVA,KOTLIN"
inDriver,1,"PHP,YII"
Jusan Bank - Staff augmentation,0,JAVA
Ланит - Сбер,1,SYSTEM_ANALYST
inDriver,0,"PHP,YII"
Phenom People,0,UX_UI
Atroo,1,QA_AUTOMATION_ENGINEER_JS
IPF digital (WEB),0,REACT
IPF digital (WEB),0,REACT
IPF digital (WEB),0,REACT
Ververica,1,AWS
Ланит - Сбер,0,SYSTEM_ANALYST
Сбер РБ ДомКлик_ЕФС,1,REACT
IPF digital (WEB),0,REACT
Decta,1,QA_AUTOMATION_ENGINEER_JAVA
Сбер РБ Социальные и зарплатные решения,1,JAVA
Space (Neobank),1,IOS
Bundle,0,IOS
Jusan Bank - Staff augmentation,1,JAVA
Allianz Partners,1,NODE_JS
Softeq Minsk,0,IOS
Банки.ру,0,PHP
StormPay,0,"GRAPHIC_DESIGNER,WEB_DESIGNER"
Compleet,1,VUE_JS
IPF digital (Java),0,JAVA
МЦ НТТ - TM (РТК Контакт-центр),0,QA_AUTOMATION_ENGINEER_JAVA
X5 Retail Group Портал поставщика,1,ANGULAR
Jusan Bank - Staff augmentation,1,"ANGULAR,ANGULAR_JS"
Softeq Minsk,0,BUSINESS_ANALYST
GMCS,1,SYSTEM_ANALYST
X5 Retail Group Портал поставщика,0,PYTHON
GMCS,1,QA_AUTOMATION_ENGINEER_JAVA
NEXR Technologies SE,0,REACT
Moovforge,0,REACT
ПАО Банк «ФК Открытие»,1,ANDROID
CHANTELLE,1,QA
Jusan Bank - Staff augmentation,1,JAVA
PropertyGuru Group,1,REACT_NATIVE
inDriver,0,"PHP,YII"
X5 Retail Group Портал поставщика,1,PYTHON
M10 (PayPoint),1,FLUTTER
Reuter Gruppe,1,NODE_JS
X5 Retail Group Портал поставщика,0,PYTHON
Самолёт Венчурс - Плафторма Самолёт+,1,NET
People Intelligence,1,REACT
МТС Диджитал,1,GO
Team Force,0,IOS
ABB Switzerland Ltd,1,NET
МТС Диджитал,1,NET
M10 (PayPoint),1,"POSTGRESQL,AWS"
Space (Neobank),1,"PYTHON,QA_MOBILE"
Сбер Риски Департамент интегрированного риск-менеджмента,0,JAVA
X5 Retail Group Портал поставщика,1,ANGULAR
"Retrain.ai, inc",1,PYTHON
Банки.ру,0,REACT
Сбербанк Казахстан,1,IOS
Duftner,0,JAVA
Space (Neobank),1,QA_MOBILE
ПАО Банк «ФК Открытие»,0,ANDROID
Сбербанк Казахстан,1,REACT
X5 Retail Group. 5POST,1,QA_ENGINEER
Ростелеком #2,0,"ANDROID,JAVA,KOTLIN"
Сбер РБ Платежи&Переводы,0,JAVA
Банк Синара (СКБ-банк),0,SYSTEM_ANALYST
Jusan Bank - Staff augmentation,1,JAVA
ГО ИНВЕСТ,1,QA_ENGINEER
Сбербанк Казахстан,1,ANDROID
Сбербанк Казахстан,0,ANDROID
Самолёт Венчурс - Плафторма Самолёт+,1,NET
ГО ИНВЕСТ,1,QA_ENGINEER
Ланит - ВТБ,0,JAVA
МЦ НТТ - TM (РТК Контакт-центр),0,PROJECT_MANAGEMENT
Уральский банк реконструкции и развития,1,REACT
Jusan Bank - Staff augmentation,1,ANGULAR
ПАО Банк «ФК Открытие»,0,"JAVA,NET,PYTHON,GO,RUBY"
IPF digital,1,QA_ENGINEER
МТС Диджитал,0,GO
ПАО Банк «ФК Открытие»,1,QA_PERFORMANCE
ПАО Банк «ФК Открытие»,0,NET
Crystal Blockchain,1,GO
PropertyGuru Group,1,IOS
Paysera,1,PROJECT_MANAGER
Сбербанк Казахстан,1,IOS
Философия ИТ,1,REACT
Философия ИТ,1,REACT
СБЕР РБ Цифровая Платформа,0,SYSTEM_ANALYST
Сбер РБ Кошелек Клиента (ФИТ),1,SYSTEM_ANALYST
Альфа-банк,1,"JAVA,KOTLIN"
Compleet,0,UX_UI
Яндекс Медиалаб,1,JAVA
Crystal Blockchain,1,PYTHON
I-Teco,0,JAVA
Альфа-банк,0,"JAVA,KOTLIN"
Decta,1,PHP
Самолёт Венчурс - Плафторма Самолёт+,1,QA
Space (Neobank),1,IOS
Allianz Partners,1,BUSINESS_ANALYST
Альфа-банк,0,JAVA
Альфа-банк,0,JAVA
МТС Диджитал,0,GO
Ланит - ВТБ,0,"ANDROID,KOTLIN"
Crystal Blockchain,1,NODE_JS
Allianz Partners (MultiLob),1,UX_UI
Allianz Partners (MultiLob),1,UX_UI
Crystal Blockchain,1,GO
IHS,0,QA_AUTOMATION_C_SHARP
Publicis Media DE,1,NET
Самолёт Венчурс - Плафторма Самолёт+,1,NET
СБЕР КИБ Брокерский Бизнес,1,QA
IPF digital (Java),0,JAVA
Альфа-банк,0,JAVA
WorldR,1,"VUE_JS,TYPE_SCRIPT"
Философия ИТ,1,REACT
Crystal Blockchain,1,PYTHON
СБЕР КИБ Брокерский Бизнес,1,SYSTEM_ANALYST
СБЕР КИБ Брокерский Бизнес,1,JAVA
inDriver,0,"PHP,YII"
Яндекс Медиалаб,1,DATA_ANALYST
Qatar National Bank,1,"JAVA,SPRING"
Geta Digital,1,IOS
СБЕР КИБ Брокерский Бизнес,1,QA
СБЕР КИБ Брокерский Бизнес,1,QA
СБЕР КИБ Брокерский Бизнес,1,QA
СБЕР КИБ Брокерский Бизнес,1,QA
СБЕР КИБ Брокерский Бизнес,1,QA
Самолёт Венчурс - Плафторма Самолёт+,1,QA
Самолёт Венчурс - Плафторма Самолёт+,1,SYSTEM_ANALYST
IHS,1,NET
Самолёт Венчурс - Плафторма Самолёт+,1,NET
Accenture Russia,1,SQL
Сбер РБ Платежи&Переводы,1,JAVA
Team Force,0,IOS
IHS,0,NET
СБЕР КИБ Брокерский Бизнес,1,JAVA
СБЕР КИБ Брокерский Бизнес,1,JAVA
ГО ИНВЕСТ,1,QA_AUTOMATION_ENGINEER_JAVA
ГО ИНВЕСТ,1,QA_AUTOMATION_ENGINEER_JAVA
eurofunk,1,JAVA
ГО ИНВЕСТ,1,IOS
ГО ИНВЕСТ,1,IOS
ГО ИНВЕСТ,1,ANDROID
ГО ИНВЕСТ,1,ANDROID
СБЕР КИБ Брокерский Бизнес,1,SYSTEM_ANALYST
СБЕР КИБ Брокерский Бизнес,0,SYSTEM_ANALYST
МАГНИТ,1,QA_ARCHITECT
Альфа-банк,1,BUSINESS_ANALYST
Сбер РБ ДомКлик_ЕФС,1,SYSTEM_ANALYST
СБЕР КИБ Брокерский Бизнес,1,SYSTEM_ANALYST
МТС Диджитал,1,NET
СБЕР КИБ Брокерский Бизнес,1,JAVA
СБЕР КИБ Брокерский Бизнес,1,JAVA
СБЕР КИБ Брокерский Бизнес,1,JAVA
СБЕР КИБ Брокерский Бизнес,1,JAVA
ГО ИНВЕСТ,1,QA
Яндекс Медиалаб,1,ANDROID
Тинькофф Банк,1,IOS
Team Force,1,"NODE_REACT,REDUX,TYPE_SCRIPT"
The Sole Supplier,1,REACT
X5 Retail Group Портал поставщика,1,"PHP,REACT,TYPE_SCRIPT"
eurofunk,1,JAVA
Team Force,1,JAVA
River Tech,1,ANGULAR
Самолёт Венчурс - Плафторма Самолёт+,1,NET
Философия ИТ,1,PYTHON
Ланит - ВТБ,0,JAVA
Яндекс Медиалаб,1,JAVA
Softeq Minsk,0,QA_AUTOMATION_ENGINEER_JS
Самолёт Венчурс - Плафторма Самолёт+,0,PROJECT_MANAGEMENT
Самолёт Венчурс - Плафторма Самолёт+,1,VUE_JS
Jusan Bank - Staff augmentation,1,ANGULAR
Allianz Partners (MultiLob),1,JAVA
Яндекс Медиалаб,1,JAVA
Duftner,1,JAVA
X5 Retail Group Портал поставщика,1,PYTHON
Банки.ру,0,ANDROID
Самолёт Венчурс - Плафторма Самолёт+,0,PROJECT_MANAGEMENT
Ververica,1,JAVA
Яндекс Медиалаб,1,JAVA
Самолёт Венчурс - Плафторма Самолёт+,1,SYSTEM_ANALYST
Aisemo,1,QA_AUTOMATION_ENGINEER_JS
МЦ НТТ - TM (РТК Контакт-центр),1,BUSINESS_ANALYST
Яндекс Медиалаб,0,DATA_ANALYST
ГО ИНВЕСТ,1,QA_PERFORMANCE
Accenture Russia,1,JAVA
Aisemo,1,UX_UI
Accenture Russia,1,JAVA
MemberNova,0,SYSTEM_ANALYST
X5 Retail Group Портал поставщика,1,IOS
Qatar National Bank,1,"JAVA,SPRING"
Философия ИТ,1,REACT
Философия ИТ,1,JAVA
Jusan Bank - Staff augmentation,1,ANGULAR
Space (Neobank),1,C_SHARP
МТС Диджитал,1,NET
Самолёт Венчурс - Плафторма Самолёт+,1,PROJECT_MANAGEMENT
Emma Sleep GmbH,0,IOS
МТС Диджитал,0,GO
Accenture Russia,1,SQL
X5 Retail Group Портал поставщика,1,PYTHON
Сбер РБ Социальные и зарплатные решения,1,JAVA
ГО ИНВЕСТ,1,ANDROID
Verses,1,QA
Уральский банк реконструкции и развития,1,SYSTEM_ANALYST
Яндекс Медиалаб,0,PYTHON
Ингосстрах-Инвестиции,1,DEVOPS
МТС Диджитал,0,NET
Альфа-банк,0,SYSTEM_ANALYST
Уральский банк реконструкции и развития,0,JAVA
ПАО Банк «ФК Открытие»,1,QA
Ланит - ВТБ,1,"ANDROID,KOTLIN"
ГО ИНВЕСТ,1,SYSTEM_ANALYST
Сбер Риски Департамент интегрированного риск-менеджмента,1,QA_AUTOMATION_ENGINEER_JAVA
Ростелеком #2,1,"ANDROID,JAVA,KOTLIN"
МТС Диджитал,1,NET
Банки.ру,0,PHP
Comparis,1,"NET,TYPE_SCRIPT"
Allianz Partners,1,DEVOPS
Accenture Russia,1,SQL
X5 Retail Group Портал поставщика,0,PYTHON
Majorel,1,SYSTEM_ANALYST
inDriver,1,"PHP,YII"
"Retrain.ai, inc",0,PYTHON
Альфа-банк,0,BUSINESS_ANALYST
Уральский банк реконструкции и развития,0,REACT
X5 Retail Group Портал поставщика,0,UX_UI
Сбербанк Казахстан,1,ANDROID
Сбер РБ Социальные и зарплатные решения,0,SYSTEM_ANALYST
Сбер РБ Социальные и зарплатные решения,1,REACT
Сбер РБ Платежи&Переводы,0,QA
Философия ИТ,1,JAVA
BSS Group,1,JAVA
Crystal Blockchain,1,NODE_JS
Философия ИТ,0,JAVA
Accenture Russia,1,"DATA_ENGINEER_ETL,SQL"
ГО ИНВЕСТ,1,QA
Ланит - Сбер,0,REACT
Exness,1,GRAPHIC_DESIGNER
Team Force,0,IOS
Team Force,0,IOS
Альфа-банк,1,JAVA
СБЕР КИБ Брокерский Бизнес,1,REACT
Exness,0,DEVOPS
Brandoo,1,REACT_NATIVE
Самолёт Венчурс - Плафторма Самолёт+,1,NET
Accenture Russia,1,SQL
Философия ИТ,1,JAVA
Философия ИТ,1,JAVA
Философия ИТ,1,JAVA
Сбер Риски Департамент интегрированного риск-менеджмента,0,JAVA
Comparis,0,"NET,TYPE_SCRIPT"
Thryve (mHealth Pioneers GmbH),0,JAVA
Альфа-банк,0,SYSTEM_ANALYST
Уральский банк реконструкции и развития,1,REACT
Brandoo,1,"QA_ENGINEER,QA_MOBILE"
Thryve (mHealth Pioneers GmbH),1,JAVA
Тинькофф Банк,1,"BUSINESS_ANALYST,SYSTEM_ANALYST"
Team Force,0,JAVA
Jusan Bank - Staff augmentation,0,JAVA
СБЕР КИБ Брокерский Бизнес,1,SYSTEM_ANALYST
СберМаркет,1,RUBY
Centtrip USA,1,"ANGULAR,ANGULAR_JS"
ПАО Банк «ФК Открытие»,1,ANDROID
Ланит - Сбер,1,REACT
Уральский банк реконструкции и развития,0,REACT
Самолёт Венчурс - Плафторма Самолёт+,1,VUE_JS
ПАО Банк «ФК Открытие»,1,ANDROID
AssetBook LLC2,1,ANGULAR
Альфа-банк,1,PRODUCT_OWNER
Ингосстрах-Инвестиции,1,"SYSTEM_ANALYST,BUSINESS_ANALYST"
Альфа-банк,1,PRODUCT_OWNER
Философия ИТ,1,JAVA
Spiromatic,1,QA_AUTOMATION_C_SHARP
Reuter Gruppe,1,NODE_JS
I-Teco,1,JAVA
Уральский банк реконструкции и развития,1,"PHP,SYMFONY"
Альфа-банк,1,JAVA
Ингосстрах-Инвестиции,1,SYSTEM_ANALYST
Уральский банк реконструкции и развития,1,WEB_DESIGNER
ГО ИНВЕСТ,1,QA_ENGINEER
Accenture Russia,1,SYSTEM_ANALYST
Сбер РБ ДомКлик_ЕФС,1,"JAVA,SPRING"
Яндекс Медиалаб,1,JAVA
NEXR Technologies SE,1,REACT
Самолёт Венчурс - Плафторма Самолёт+,1,NET
Duftner,1,JAVA
Уральский банк реконструкции и развития,0,JAVA
Moovforge,1,REACT
Letsbloom,1,RUBY
Ростелеком #2,1,IOS
СБЕР КИБ Брокерский Бизнес,1,QA
X5 Retail Group Портал поставщика,1,DEVOPS
Ростелеком #2,1,IOS
МТС Диджитал,1,NET
Сбер РБ ДомКлик_ЕФС,0,QA
Ververica,1,JAVA
ГО ИНВЕСТ,1,SYSTEM_ANALYST
ГО ИНВЕСТ,1,SYSTEM_ANALYST
Альфа-банк,1,SYSTEM_ANALYST
Kooba,1,PHP
Transporeon,1,JAVA
Transporeon,1,JAVA
Альфа-банк,1,JAVA
Альфа-банк,1,JAVA
Альфа-банк,1,JAVA
Альфа-банк,1,JAVA
Яндекс Медиалаб,1,PYTHON
Shieldpay,1,NODE_JS
Wondersign,1,PYTHON
Самолёт Венчурс - Плафторма Самолёт+,1,NET
Accenture Russia,1,"DATA_ENGINEER_ETL,SQL"
Сбер Риски Департамент интегрированного риск-менеджмента,1,JAVA
Альфа-банк,1,ANDROID
ГО ИНВЕСТ,1,QA_ENGINEER
ПАО Банк «ФК Открытие»,1,ANDROID
МЦ НТТ - TM (РТК Контакт-центр),1,QA_AUTOMATION_ENGINEER_JAVA
Ланит - Сбер,1,REACT
Альфа-банк,1,QA_AUTOMATION_ENGINEER_JAVA
Accenture Russia,1,JAVA
Альфа-банк,1,JAVA
Accenture Russia,1,"POWER_BI,SQL"
СБЕР КИБ Брокерский Бизнес,1,JAVA
IHS,1,QA
IHS,1,QA
Ланит - ВТБ,1,JAVA
СБЕР КИБ Брокерский Бизнес,0,SYSTEM_ANALYST
BSS Group,1,QA
msg Plaut Austria GmbH,1,ANDROID
Accenture Russia,1,"DATA_ENGINEER_ETL,SQL"
Уральский банк реконструкции и развития,0,REACT
Space (Neobank),1,IOS
МЦ НТТ - TM (РТК Контакт-центр),1,REACT
Яндекс Медиалаб,1,JAVA
СБЕР КИБ Брокерский Бизнес,1,JAVA
Уральский банк реконструкции и развития,1,REACT
Ланит - Сбер,1,REACT
"Retrain.ai, inc",1,PYTHON
СБЕР КИБ Брокерский Бизнес,1,QA
Сбер РБ Кошелек Клиента (ФИТ),1,ORACLE
Альфа-банк,1,SYSTEM_ANALYST
Сбер РБ Социальные и зарплатные решения,1,SYSTEM_ANALYST
Ланит - Сбер,1,REACT
verivox.de,1,DBA
Exness,0,DEVOPS
СБЕР КИБ Брокерский Бизнес,1,SYSTEM_ANALYST
msg Plaut Austria GmbH,1,IOS
msg Plaut Austria GmbH,1,IOS
msg Plaut Austria GmbH,1,IOS
СБЕР КИБ Брокерский Бизнес,1,JAVA
СБЕР КИБ Брокерский Бизнес,1,JAVA
msg Plaut Austria GmbH,1,IOS
inDriver,1,ANDROID
IPF digital,1,IOS
IPF digital,1,IOS
Альфа-банк,1,SYSTEM_ANALYST
Философия ИТ,1,JAVA
Ланит - ВТБ,1,JAVA
ГО ИНВЕСТ,1,QA_PERFORMANCE
Философия ИТ,1,JAVA
inDriver,1,GO
inDriver,1,GO
IHS,1,NET
IHS,1,QA
ПАО Банк «ФК Открытие»,1,ANDROID
МЦ НТТ - TM (РТК Контакт-центр),1,SYSTEM_ANALYST
IHS,1,NET
Уральский банк реконструкции и развития,1,JAVA
X5 Retail Group Портал поставщика,1,"JAVA,KOTLIN,SPRING"
msg Plaut Austria GmbH,1,IOS
Яндекс Медиалаб,1,JAVA
Самолёт Венчурс - Плафторма Самолёт+,1,NET
verivox.de,1,NET
Самолёт Венчурс - Плафторма Самолёт+,1,NET
Accenture Russia,1,SQL
Majorel,1,"NET,C_SHARP"
Самолёт Венчурс - Плафторма Самолёт+,1,NET
inDriver,1,"PHP,YII"
Ланит - Сбер,1,REACT
ПАО Банк «ФК Открытие»,1,QA
ПАО Банк «ФК Открытие»,1,QA
Ланит - Сбер,1,REACT
Accenture Russia,1,DATA_ANALYST
Философия ИТ,1,JAVA
Альфа-банк,1,QA_AUTOMATION_ENGINEER_JAVA
Jusan Bank - Staff augmentation,1,JAVA
Альфа-банк,1,QA_AUTOMATION_ENGINEER_JAVA
Философия ИТ,1,JAVA
Философия ИТ,1,JAVA
Jusan Bank - Staff augmentation,1,JAVA
Философия ИТ,1,JAVA
СБЕР КИБ Брокерский Бизнес,1,QA
inDriver,1,IOS
inDriver,1,IOS
Jusan Bank - Staff augmentation,1,JAVA
GMCS,1,SYSTEM_ANALYST
inDriver,1,ANDROID
МЦ НТТ - TM (РТК Контакт-центр),1,JAVA
МЦ НТТ - TM (РТК Контакт-центр),1,JAVA
Философия ИТ,1,QA_AUTOMATION
Nexxiot AG,1,ANGULAR
Jusan Bank - Staff augmentation,1,JAVA
Jusan Bank - Staff augmentation,1,JAVA
IHS,1,QA_AUTOMATION_C_SHARP
Accenture Russia,1,"POWER_BI,SQL"
X5 Retail Group Портал поставщика,1,REACT
Альфа-банк,1,QA_AUTOMATION_ENGINEER_JAVA
Альфа-банк,1,QA_AUTOMATION_ENGINEER_JAVA
Backbase,1,ANGULAR
Backbase,1,"QA_AUTOMATION_ENGINEER_JAVA,QA_AUTOMATION_ENGINEER_JS"
Тинькофф Банк,1,IOS
МЦ НТТ - TM (РТК Контакт-центр),1,QA_AUTOMATION_ENGINEER_JAVA
Ингосстрах-Инвестиции,1,SYSTEM_ANALYST
МЦ НТТ - TM (РТК Контакт-центр),1,REACT
МЦ НТТ - TM (РТК Контакт-центр),1,REACT
Альфа-банк,1,POSTGRESQL
Jusan Bank - Staff augmentation,1,SYSTEM_ANALYST
msg Plaut Austria GmbH,1,QA_AUTOMATION_ENGINEER_PYTHON
СБЕР КИБ Брокерский Бизнес,1,JAVA
Phenom People,1,UX_UI
Trip-arc,1,"QA_ANALYST,QA_ENGINEER"
msg Plaut Austria GmbH,0,PYTHON
Backbase,1,JAVA
Backbase,1,JAVA
Datagile,1,"REACT,TYPE_SCRIPT"
Datagile,1,"REACT,TYPE_SCRIPT"
Datagile,1,"REACT,TYPE_SCRIPT"
Datagile,1,"REACT,TYPE_SCRIPT"
Backbase,1,JAVA
Backbase,1,JAVA
msg Plaut Austria GmbH,1,ANDROID
Backbase,1,JAVA
Brandoo,1,"QA_ENGINEER,QA_MOBILE"
Backbase,1,IOS
Backbase,1,QA_AUTOMATION_ENGINEER_JAVA
BSS Group,1,REACT
Альфа-банк,1,SYSTEM_ANALYST
Банк Синара (СКБ-банк),1,SYSTEM_ANALYST
Уральский банк реконструкции и развития,1,DRUPAL
Backbase,1,"QA_AUTOMATION_ENGINEER_JS,QA_AUTOMATION_ENGINEER_JAVA"
inDriver,1,ANDROID
ПАО Банк «ФК Открытие»,1,QA
Backbase,1,ANGULAR
Ecovium GmbH,1,BUSINESS_ANALYST
Альфа-банк,1,DEVOPS
Альфа-банк,1,DEVOPS
Geta Digital,1,NET
Emma Sleep GmbH,1,IOS
inDriver,1,IOS
Ververica,1,BUSINESS_ANALYST
Альфа-банк,1,BUSINESS_ANALYST
X5 Retail Group Портал поставщика,1,UX_UI
msg Plaut Austria GmbH,1,QA
Самолёт Венчурс - Плафторма Самолёт+,1,NET
msg Plaut Austria GmbH,1,PYTHON
Paysera,1,PRODUCT_OWNER
Paysera,1,PRODUCT_OWNER
People Intelligence,1,PROJECT_MANAGEMENT
Eleving Group,1,DEVOPS
Spiromatic,1,QA_AUTOMATION_C_SHARP
River Tech,1,ANGULAR
Backbase,1,IOS
Transporeon,1,ANGULAR
Backbase,1,"QA_AUTOMATION_ENGINEER_JAVA,QA_AUTOMATION_ENGINEER_JS"
Backbase,1,QA_AUTOMATION_ENGINEER_JAVA
Backbase,1,"QA_AUTOMATION_ENGINEER_JAVA,QA_AUTOMATION_ENGINEER_JS"
Backbase,1,"QA_AUTOMATION_ENGINEER_JAVA,QA_AUTOMATION_ENGINEER_JS"
inDriver,1,ANDROID
Letsbloom,1,RUBY
msg Plaut Austria GmbH,1,ANDROID
ATG,1,NODE_JS
Backbase,1,JAVA
Backbase,1,IOS
Exness,1,DEVOPS
Backbase,1,IOS
Backbase,1,JAVA
Backbase,1,JAVA
msg Plaut Austria GmbH,1,DEVOPS
Backbase,1,JAVA
Paysera,1,"ANDROID,IOS"
Сбербанк Казахстан,1,IOS
Сбербанк Казахстан,1,IOS
IHS,1,NET
Backbase,1,ANGULAR
IHS,1,NET
Reuter Gruppe,1,"NODE_JS,TYPE_SCRIPT"
Moonfare,1,NODE_JS
msg Plaut Austria GmbH,1,QA_AUTOMATION_ENGINEER_PYTHON
SupplyStack,1,PROJECT_MANAGEMENT
SupplyStack,1,PROJECT_MANAGEMENT
Thryve (mHealth Pioneers GmbH),1,JAVA
Thryve (mHealth Pioneers GmbH),1,JAVA
Thryve (mHealth Pioneers GmbH),1,JAVA
WorldR,1,"DEVOPS,DEVSECOPS"
Verses,1,FLUTTER
Enersis,1,ANGULAR
Verses,1,"NODE_JS,TYPE_SCRIPT"
